<?xml version="1.0" encoding="UTF-8"?>
<rdf:RDF xmlns:entsoe="http://entsoe.eu/CIM/SchemaExtension/3/1#" xmlns:rdf="http://www.w3.org/1999/02/22-rdf-syntax-ns#" xmlns:cim="http://iec.ch/TC57/2013/CIM-schema-cim16#" xmlns:md="http://iec.ch/TC57/61970-552/ModelDescription/1#">
    <md:FullModel rdf:about="urn:uuid:bd2cef91-0b07-495e-adbe-e80765e2d222">
        <md:Model.scenarioTime>2009-04-26T00:00:00Z</md:Model.scenarioTime>
        <md:Model.created>2024-02-14T03:26:09Z</md:Model.created>
        <md:Model.description>SV Model</md:Model.description>
        <md:Model.version>1</md:Model.version>
        <md:Model.DependentOn rdf:resource="urn:uuid:d582b090-a827-4a8b-b902-372e94c5fece"/>
        <md:Model.DependentOn rdf:resource="urn:uuid:e7da3510-2d52-4dbf-8827-71ba9d5c8d7f"/>
        <md:Model.profile>http://entsoe.eu/CIM/StateVariables/4/1</md:Model.profile>
        <md:Model.modelingAuthoritySet>powsybl.org</md:Model.modelingAuthoritySet>
    </md:FullModel>
    <cim:TopologicalIsland rdf:ID="_78ba4e8a-21e2-4c7d-8c78-e18660dbb44d">
        <cim:IdentifiedObject.mRID>78ba4e8a-21e2-4c7d-8c78-e18660dbb44d</cim:IdentifiedObject.mRID>
        <cim:IdentifiedObject.name>78ba4e8a-21e2-4c7d-8c78-e18660db</cim:IdentifiedObject.name>
        <cim:TopologicalIsland.AngleRefTopologicalNode rdf:resource="#_B1"/>
        <cim:IdentifiedObject.description>diverged</cim:IdentifiedObject.description>
        <cim:TopologicalIsland.TopologicalNodes rdf:resource="#_B1"/>
        <cim:TopologicalIsland.TopologicalNodes rdf:resource="#_B4"/>
        <cim:TopologicalIsland.TopologicalNodes rdf:resource="#_B2"/>
        <cim:TopologicalIsland.TopologicalNodes rdf:resource="#_B7"/>
        <cim:TopologicalIsland.TopologicalNodes rdf:resource="#_B3"/>
        <cim:TopologicalIsland.TopologicalNodes rdf:resource="#_B9"/>
        <cim:TopologicalIsland.TopologicalNodes rdf:resource="#_B5"/>
        <cim:TopologicalIsland.TopologicalNodes rdf:resource="#_B6"/>
        <cim:TopologicalIsland.TopologicalNodes rdf:resource="#_B8"/>
    </cim:TopologicalIsland>
    <cim:SvVoltage rdf:ID="_448d7c3a-c166-489c-aa30-9b897fa6f69f">
        <cim:SvVoltage.angle>9.28</cim:SvVoltage.angle>
        <cim:SvVoltage.v>102.49999999999999</cim:SvVoltage.v>
        <cim:SvVoltage.TopologicalNode rdf:resource="#_B2"/>
    </cim:SvVoltage>
    <cim:SvVoltage rdf:ID="_8844a953-59a7-4856-a2a4-c73a9bd1b8fe">
        <cim:SvVoltage.angle>4.6647</cim:SvVoltage.angle>
        <cim:SvVoltage.v>102.49999999999999</cim:SvVoltage.v>
        <cim:SvVoltage.TopologicalNode rdf:resource="#_B3"/>
    </cim:SvVoltage>
    <cim:SvVoltage rdf:ID="_581c831d-2d15-4b80-a58c-9033fb306c9b">
        <cim:SvVoltage.angle>-2.216</cim:SvVoltage.angle>
        <cim:SvVoltage.v>102.49999999999999</cim:SvVoltage.v>
        <cim:SvVoltage.TopologicalNode rdf:resource="#_B4"/>
    </cim:SvVoltage>
    <cim:SvVoltage rdf:ID="_a3ffb5b5-bd73-44ed-a379-04ad6a2293c5">
        <cim:SvVoltage.angle>-3.988</cim:SvVoltage.angle>
        <cim:SvVoltage.v>99.5</cim:SvVoltage.v>
        <cim:SvVoltage.TopologicalNode rdf:resource="#_B5"/>
    </cim:SvVoltage>
    <cim:SvVoltage rdf:ID="_b53fd97b-687b-431c-a880-75f60d28e7d9">
        <cim:SvVoltage.angle>-3.687</cim:SvVoltage.angle>
        <cim:SvVoltage.v>101.2</cim:SvVoltage.v>
        <cim:SvVoltage.TopologicalNode rdf:resource="#_B6"/>
    </cim:SvVoltage>
    <cim:SvVoltage rdf:ID="_20f1ec3e-5afa-4ea2-bf84-7247b02d3e4d">
        <cim:SvVoltage.angle>3.7197</cim:SvVoltage.angle>
        <cim:SvVoltage.v>102.49999999999999</cim:SvVoltage.v>
        <cim:SvVoltage.TopologicalNode rdf:resource="#_B7"/>
    </cim:SvVoltage>
    <cim:SvVoltage rdf:ID="_76365a81-76e7-4e9e-b023-5dc058b00fd7">
        <cim:SvVoltage.angle>0.7275</cim:SvVoltage.angle>
        <cim:SvVoltage.v>101.49999999999999</cim:SvVoltage.v>
        <cim:SvVoltage.TopologicalNode rdf:resource="#_B8"/>
    </cim:SvVoltage>
    <cim:SvVoltage rdf:ID="_612eb161-e1db-47f0-8ab2-d1bb6dc5f51e">
        <cim:SvVoltage.angle>1.9667</cim:SvVoltage.angle>
        <cim:SvVoltage.v>103.2</cim:SvVoltage.v>
        <cim:SvVoltage.TopologicalNode rdf:resource="#_B9"/>
    </cim:SvVoltage>
    <cim:SvVoltage rdf:ID="_d2a37388-a162-40b8-ad38-d6a278c659c1">
        <cim:SvVoltage.angle>0</cim:SvVoltage.angle>
        <cim:SvVoltage.v>104</cim:SvVoltage.v>
        <cim:SvVoltage.TopologicalNode rdf:resource="#_B1"/>
    </cim:SvVoltage>
    <cim:SvPowerFlow rdf:ID="_6deefa4a-eaf5-4cc9-93f7-c4332359abed">
        <cim:SvPowerFlow.p>0</cim:SvPowerFlow.p>
        <cim:SvPowerFlow.q>0</cim:SvPowerFlow.q>
        <cim:SvPowerFlow.Terminal rdf:resource="#_77df2b25-5990-4cc2-8526-c486dd77a116"/>
    </cim:SvPowerFlow>
    <cim:SvPowerFlow rdf:ID="_4d42a673-6f42-4902-92a4-d231468ad120">
        <cim:SvPowerFlow.p>0</cim:SvPowerFlow.p>
        <cim:SvPowerFlow.q>0</cim:SvPowerFlow.q>
        <cim:SvPowerFlow.Terminal rdf:resource="#_7c2e41e4-dc01-462c-9d97-84897941ef4c"/>
    </cim:SvPowerFlow>
    <cim:SvPowerFlow rdf:ID="_5953d813-98a5-49a4-88db-c2f1697564e5">
        <cim:SvPowerFlow.p>0</cim:SvPowerFlow.p>
        <cim:SvPowerFlow.q>0</cim:SvPowerFlow.q>
        <cim:SvPowerFlow.Terminal rdf:resource="#_fbd04bb7-4ade-4c08-95fd-85104690adae"/>
    </cim:SvPowerFlow>
    <cim:SvPowerFlow rdf:ID="_c4545eb0-c1e6-4267-b80f-908d4e2ab903">
        <cim:SvPowerFlow.p>0</cim:SvPowerFlow.p>
        <cim:SvPowerFlow.q>0</cim:SvPowerFlow.q>
        <cim:SvPowerFlow.Terminal rdf:resource="#_167f2ed9-1457-4051-90ff-e82017f8eab1"/>
    </cim:SvPowerFlow>
    <cim:SvPowerFlow rdf:ID="_3128290a-4fce-4c6c-826e-7d02e0985ef8">
        <cim:SvPowerFlow.p>0</cim:SvPowerFlow.p>
        <cim:SvPowerFlow.q>0</cim:SvPowerFlow.q>
        <cim:SvPowerFlow.Terminal rdf:resource="#_f59aa59b-9fda-463e-a749-27cd1e3c843e"/>
    </cim:SvPowerFlow>
    <cim:SvPowerFlow rdf:ID="_7d9e3356-c64d-48ba-a87a-5ab0ce56266b">
        <cim:SvPowerFlow.p>0</cim:SvPowerFlow.p>
        <cim:SvPowerFlow.q>0</cim:SvPowerFlow.q>
        <cim:SvPowerFlow.Terminal rdf:resource="#_178d228d-aa83-4e62-b21e-25199449bad0"/>
    </cim:SvPowerFlow>
    <cim:SvPowerFlow rdf:ID="_5fd6613b-1552-4273-87f5-f970a869e6ba">
        <cim:SvPowerFlow.p>0</cim:SvPowerFlow.p>
        <cim:SvPowerFlow.q>0</cim:SvPowerFlow.q>
        <cim:SvPowerFlow.Terminal rdf:resource="#_47bdb058-0777-424b-b2f5-69c13f7cf954"/>
    </cim:SvPowerFlow>
    <cim:SvPowerFlow rdf:ID="_779aa45a-d276-4fa1-bb17-904819a94bfd">
        <cim:SvPowerFlow.p>0</cim:SvPowerFlow.p>
        <cim:SvPowerFlow.q>0</cim:SvPowerFlow.q>
        <cim:SvPowerFlow.Terminal rdf:resource="#_34107fc1-f6fa-4f2a-aa08-d5f5a52686b9"/>
    </cim:SvPowerFlow>
    <cim:SvPowerFlow rdf:ID="_79a0724b-2e3e-4a0b-8327-d59debf4e4d0">
        <cim:SvPowerFlow.p>0</cim:SvPowerFlow.p>
        <cim:SvPowerFlow.q>0</cim:SvPowerFlow.q>
        <cim:SvPowerFlow.Terminal rdf:resource="#_55d2b3c9-2eee-492a-8e7c-a7ab9b327cde"/>
    </cim:SvPowerFlow>
    <cim:SvPowerFlow rdf:ID="_a3db2718-5e21-461e-9b7d-b1ec234a8493">
        <cim:SvPowerFlow.p>0</cim:SvPowerFlow.p>
        <cim:SvPowerFlow.q>0</cim:SvPowerFlow.q>
        <cim:SvPowerFlow.Terminal rdf:resource="#_5f1482e3-1060-46fa-b0f6-3c1df1a1de6b"/>
    </cim:SvPowerFlow>
    <cim:SvPowerFlow rdf:ID="_b4e88e6e-5bf7-4006-a5a4-0b6820631964">
        <cim:SvPowerFlow.p>0</cim:SvPowerFlow.p>
        <cim:SvPowerFlow.q>0</cim:SvPowerFlow.q>
        <cim:SvPowerFlow.Terminal rdf:resource="#_cb341e9c-d481-4c62-9081-e54166acc932"/>
    </cim:SvPowerFlow>
    <cim:SvPowerFlow rdf:ID="_7168ddfc-9033-4d90-a542-32129ad455a5">
        <cim:SvPowerFlow.p>0</cim:SvPowerFlow.p>
        <cim:SvPowerFlow.q>0</cim:SvPowerFlow.q>
        <cim:SvPowerFlow.Terminal rdf:resource="#_f61e1e3b-ed00-4f83-a9aa-3a858cdc4a4d"/>
    </cim:SvPowerFlow>
    <cim:SvPowerFlow rdf:ID="_bd5508c2-73b7-4d6f-8973-2ebb80528515">
        <cim:SvPowerFlow.p>0</cim:SvPowerFlow.p>
        <cim:SvPowerFlow.q>0</cim:SvPowerFlow.q>
        <cim:SvPowerFlow.Terminal rdf:resource="#_1a00126d-0d32-4802-bc79-2f25ddb43723"/>
    </cim:SvPowerFlow>
    <cim:SvPowerFlow rdf:ID="_f1321e71-e714-4b75-b1c5-46f99b4effa8">
        <cim:SvPowerFlow.p>0</cim:SvPowerFlow.p>
        <cim:SvPowerFlow.q>0</cim:SvPowerFlow.q>
        <cim:SvPowerFlow.Terminal rdf:resource="#_c934a8db-c274-41ff-a37b-49966039a989"/>
    </cim:SvPowerFlow>
    <cim:SvPowerFlow rdf:ID="_9451ec4e-0d35-4bda-b25b-0696eea42fa5">
        <cim:SvPowerFlow.p>0</cim:SvPowerFlow.p>
        <cim:SvPowerFlow.q>0</cim:SvPowerFlow.q>
        <cim:SvPowerFlow.Terminal rdf:resource="#_8eb763a2-83a8-4ba3-9d3e-c4a96139a2b5"/>
    </cim:SvPowerFlow>
    <cim:SvPowerFlow rdf:ID="_4f3c2073-c4d3-4cd6-8bd4-e4d4c7f8b79c">
        <cim:SvPowerFlow.p>0</cim:SvPowerFlow.p>
        <cim:SvPowerFlow.q>0</cim:SvPowerFlow.q>
        <cim:SvPowerFlow.Terminal rdf:resource="#_3d307b9c-4e55-4a54-bd6d-91d8674a88dd"/>
    </cim:SvPowerFlow>
    <cim:SvPowerFlow rdf:ID="_5d253f5a-7abe-4c5d-806a-7274f71b7d60">
        <cim:SvPowerFlow.p>0</cim:SvPowerFlow.p>
        <cim:SvPowerFlow.q>0</cim:SvPowerFlow.q>
        <cim:SvPowerFlow.Terminal rdf:resource="#_e905b15b-a299-4cfc-8faf-113462ec8870"/>
    </cim:SvPowerFlow>
    <cim:SvPowerFlow rdf:ID="_0afed0f7-4066-4fd8-81ad-64adb599d48e">
        <cim:SvPowerFlow.p>0</cim:SvPowerFlow.p>
        <cim:SvPowerFlow.q>0</cim:SvPowerFlow.q>
        <cim:SvPowerFlow.Terminal rdf:resource="#_a6b11fbe-b2c9-49eb-9309-77985c6407f5"/>
    </cim:SvPowerFlow>
    <cim:SvPowerFlow rdf:ID="_59c102c1-873e-4fba-9709-c221a5040d12">
        <cim:SvPowerFlow.p>0</cim:SvPowerFlow.p>
        <cim:SvPowerFlow.q>0</cim:SvPowerFlow.q>
        <cim:SvPowerFlow.Terminal rdf:resource="#_16c83f78-0c80-40a2-951b-a2f0cbd70fae"/>
    </cim:SvPowerFlow>
    <cim:SvPowerFlow rdf:ID="_62795ef0-183e-4cc4-b183-e7ae6e466902">
        <cim:SvPowerFlow.p>0</cim:SvPowerFlow.p>
        <cim:SvPowerFlow.q>0</cim:SvPowerFlow.q>
        <cim:SvPowerFlow.Terminal rdf:resource="#_b1e5f3c6-1cd5-4a66-83cf-21dbc1e38c86"/>
    </cim:SvPowerFlow>
    <cim:SvPowerFlow rdf:ID="_243db544-fe03-4a31-be46-6c8aa1f0c561">
        <cim:SvPowerFlow.p>0</cim:SvPowerFlow.p>
        <cim:SvPowerFlow.q>0</cim:SvPowerFlow.q>
        <cim:SvPowerFlow.Terminal rdf:resource="#_a33edf9f-1a60-4fb8-9eab-b75b24493717"/>
    </cim:SvPowerFlow>
    <cim:SvPowerFlow rdf:ID="_f224daf5-c6eb-436e-914a-f5bce59624a7">
        <cim:SvPowerFlow.p>0</cim:SvPowerFlow.p>
        <cim:SvPowerFlow.q>0</cim:SvPowerFlow.q>
        <cim:SvPowerFlow.Terminal rdf:resource="#_e3a3eaf5-2289-4a5a-85cd-ce27a6e5171b"/>
    </cim:SvPowerFlow>
    <cim:SvPowerFlow rdf:ID="_afb37fb0-755f-44b5-a3d3-f22e9ed8199d">
        <cim:SvPowerFlow.p>0</cim:SvPowerFlow.p>
        <cim:SvPowerFlow.q>0</cim:SvPowerFlow.q>
        <cim:SvPowerFlow.Terminal rdf:resource="#_8e47974b-a789-412d-ba89-416010796ab9"/>
    </cim:SvPowerFlow>
    <cim:SvPowerFlow rdf:ID="_387a19d0-ac7a-4865-a72a-566236e93d83">
        <cim:SvPowerFlow.p>0</cim:SvPowerFlow.p>
        <cim:SvPowerFlow.q>0</cim:SvPowerFlow.q>
        <cim:SvPowerFlow.Terminal rdf:resource="#_6096b4c8-9128-418f-a47f-5d01331f08e8"/>
    </cim:SvPowerFlow>
    <cim:SvTapStep rdf:ID="_4d1b24a0-5525-40f0-8da5-d67d98a37654">
        <cim:SvTapStep.position>0</cim:SvTapStep.position>
        <cim:SvTapStep.TapChanger rdf:resource="#_51e23b11-f761-4c7c-b2cc-18c75c69e455"/>
    </cim:SvTapStep>
    <cim:SvTapStep rdf:ID="_91100dfa-fdf5-4386-8498-84f31ceb37cb">
        <cim:SvTapStep.position>0</cim:SvTapStep.position>
        <cim:SvTapStep.TapChanger rdf:resource="#_f0d4cb2d-2f6f-4083-b07e-d67dbca033b0"/>
    </cim:SvTapStep>
    <cim:SvTapStep rdf:ID="_9e93ac00-75ad-4831-aa68-fe509ffed568">
        <cim:SvTapStep.position>0</cim:SvTapStep.position>
        <cim:SvTapStep.TapChanger rdf:resource="#_388ddcd5-c225-4b40-8ccb-08e5bad8ceeb"/>
    </cim:SvTapStep>
    <cim:SvStatus rdf:ID="_28e5933e-448f-411f-9e29-9f96cbef63cb">
        <cim:SvStatus.inService>true</cim:SvStatus.inService>
        <cim:SvStatus.ConductingEquipment rdf:resource="#_L5-4-0"/>
    </cim:SvStatus>
    <cim:SvStatus rdf:ID="_89a77d23-d875-42d2-91e2-fbd6b71acf48">
        <cim:SvStatus.inService>true</cim:SvStatus.inService>
        <cim:SvStatus.ConductingEquipment rdf:resource="#_L6-4-0"/>
    </cim:SvStatus>
    <cim:SvStatus rdf:ID="_e3ed12d5-8d43-43b4-b821-4662787ed6a1">
        <cim:SvStatus.inService>true</cim:SvStatus.inService>
        <cim:SvStatus.ConductingEquipment rdf:resource="#_L9-6-0"/>
    </cim:SvStatus>
    <cim:SvStatus rdf:ID="_3ac03725-118f-4216-bcf3-c93502fa5899">
        <cim:SvStatus.inService>true</cim:SvStatus.inService>
        <cim:SvStatus.ConductingEquipment rdf:resource="#_L9-8-0"/>
    </cim:SvStatus>
    <cim:SvStatus rdf:ID="_33a14024-4f15-4611-9478-dc2e5516dc68">
        <cim:SvStatus.inService>true</cim:SvStatus.inService>
        <cim:SvStatus.ConductingEquipment rdf:resource="#_T7-2-0"/>
    </cim:SvStatus>
    <cim:SvStatus rdf:ID="_9e00ecda-9ae9-4f50-83bd-9c7a6c67416d">
        <cim:SvStatus.inService>true</cim:SvStatus.inService>
        <cim:SvStatus.ConductingEquipment rdf:resource="#_T9-3-0"/>
    </cim:SvStatus>
    <cim:SvStatus rdf:ID="_30dba386-43ad-4b4b-9b13-fb25a3e21d1a">
        <cim:SvStatus.inService>true</cim:SvStatus.inService>
        <cim:SvStatus.ConductingEquipment rdf:resource="#_B8-L"/>
    </cim:SvStatus>
    <cim:SvStatus rdf:ID="_28ddcca1-d6de-42ca-82f3-98ef067fa7b0">
        <cim:SvStatus.inService>true</cim:SvStatus.inService>
        <cim:SvStatus.ConductingEquipment rdf:resource="#_B5-L"/>
    </cim:SvStatus>
    <cim:SvStatus rdf:ID="_c1ed0d95-b2ed-4f88-aa39-ffa15d93b9cd">
        <cim:SvStatus.inService>true</cim:SvStatus.inService>
        <cim:SvStatus.ConductingEquipment rdf:resource="#_B6-L"/>
    </cim:SvStatus>
    <cim:SvStatus rdf:ID="_685d6486-e869-439c-87bb-9c9017997c88">
        <cim:SvStatus.inService>true</cim:SvStatus.inService>
        <cim:SvStatus.ConductingEquipment rdf:resource="#_T4-1-0"/>
    </cim:SvStatus>
    <cim:SvStatus rdf:ID="_e346def3-3818-4db7-8ee0-ce33f8fa094c">
        <cim:SvStatus.inService>true</cim:SvStatus.inService>
        <cim:SvStatus.ConductingEquipment rdf:resource="#_B2-G"/>
    </cim:SvStatus>
    <cim:SvStatus rdf:ID="_8d3f5bb0-9c8a-482b-84b8-49d833e3e91b">
        <cim:SvStatus.inService>true</cim:SvStatus.inService>
        <cim:SvStatus.ConductingEquipment rdf:resource="#_B3-G"/>
    </cim:SvStatus>
    <cim:SvStatus rdf:ID="_d8a10b6c-756a-4333-b57f-c7eb5efa9727">
        <cim:SvStatus.inService>true</cim:SvStatus.inService>
        <cim:SvStatus.ConductingEquipment rdf:resource="#_L7-8-0"/>
    </cim:SvStatus>
    <cim:SvStatus rdf:ID="_8f57866b-d286-45ff-9b97-02535172e422">
        <cim:SvStatus.inService>true</cim:SvStatus.inService>
        <cim:SvStatus.ConductingEquipment rdf:resource="#_B1-G"/>
    </cim:SvStatus>
    <cim:SvStatus rdf:ID="_19a245d3-904d-445e-aaf6-730bbe92bf98">
        <cim:SvStatus.inService>true</cim:SvStatus.inService>
        <cim:SvStatus.ConductingEquipment rdf:resource="#_L7-5-0"/>
    </cim:SvStatus>
</rdf:RDF>
