<?xml version="1.0" encoding="UTF-8"?>
<rdf:RDF xmlns:entsoe="http://entsoe.eu/CIM/SchemaExtension/3/1#" xmlns:rdf="http://www.w3.org/1999/02/22-rdf-syntax-ns#" xmlns:cim="http://iec.ch/TC57/2013/CIM-schema-cim16#" xmlns:md="http://iec.ch/TC57/61970-552/ModelDescription/1#">
    <md:FullModel rdf:about="urn:uuid:e7da3510-2d52-4dbf-8827-71ba9d5c8d7f">
        <md:Model.scenarioTime>2009-04-26T00:00:00Z</md:Model.scenarioTime>
        <md:Model.created>2024-02-14T03:26:09Z</md:Model.created>
        <md:Model.description>SSH Model</md:Model.description>
        <md:Model.version>1</md:Model.version>
        <md:Model.DependentOn rdf:resource="urn:uuid:a19fe10b-b1ac-4e0d-86b0-7a7c7d039c89"/>
        <md:Model.profile>http://entsoe.eu/CIM/SteadyStateHypothesis/1/1</md:Model.profile>
        <md:Model.modelingAuthoritySet>powsybl.org</md:Model.modelingAuthoritySet>
    </md:FullModel>
    <cim:EnergyConsumer rdf:about="#_B5-L">
        <cim:EnergyConsumer.p>125</cim:EnergyConsumer.p>
        <cim:EnergyConsumer.q>50</cim:EnergyConsumer.q>
    </cim:EnergyConsumer>
    <cim:EnergyConsumer rdf:about="#_B6-L">
        <cim:EnergyConsumer.p>90</cim:EnergyConsumer.p>
        <cim:EnergyConsumer.q>30</cim:EnergyConsumer.q>
    </cim:EnergyConsumer>
    <cim:EnergyConsumer rdf:about="#_B8-L">
        <cim:EnergyConsumer.p>100</cim:EnergyConsumer.p>
        <cim:EnergyConsumer.q>35</cim:EnergyConsumer.q>
    </cim:EnergyConsumer>
    <cim:RatioTapChanger rdf:about="#_51e23b11-f761-4c7c-b2cc-18c75c69e455">
        <cim:TapChanger.controlEnabled>false</cim:TapChanger.controlEnabled>
        <cim:TapChanger.step>0</cim:TapChanger.step>
    </cim:RatioTapChanger>
    <cim:RatioTapChanger rdf:about="#_f0d4cb2d-2f6f-4083-b07e-d67dbca033b0">
        <cim:TapChanger.controlEnabled>false</cim:TapChanger.controlEnabled>
        <cim:TapChanger.step>0</cim:TapChanger.step>
    </cim:RatioTapChanger>
    <cim:RatioTapChanger rdf:about="#_388ddcd5-c225-4b40-8ccb-08e5bad8ceeb">
        <cim:TapChanger.controlEnabled>false</cim:TapChanger.controlEnabled>
        <cim:TapChanger.step>0</cim:TapChanger.step>
    </cim:RatioTapChanger>
    <cim:SynchronousMachine rdf:about="#_B1-G">
        <cim:RegulatingCondEq.controlEnabled>true</cim:RegulatingCondEq.controlEnabled>
        <cim:RotatingMachine.p>-71.64102</cim:RotatingMachine.p>
        <cim:RotatingMachine.q>-27.04592</cim:RotatingMachine.q>
        <cim:SynchronousMachine.referencePriority>1</cim:SynchronousMachine.referencePriority>
        <cim:SynchronousMachine.operatingMode rdf:resource="http://iec.ch/TC57/2013/CIM-schema-cim16#SynchronousMachineOperatingMode.generator"/>
    </cim:SynchronousMachine>
    <cim:SynchronousMachine rdf:about="#_B2-G">
        <cim:RegulatingCondEq.controlEnabled>true</cim:RegulatingCondEq.controlEnabled>
        <cim:RotatingMachine.p>-163</cim:RotatingMachine.p>
        <cim:RotatingMachine.q>-6.65366</cim:RotatingMachine.q>
        <cim:SynchronousMachine.referencePriority>0</cim:SynchronousMachine.referencePriority>
        <cim:SynchronousMachine.operatingMode rdf:resource="http://iec.ch/TC57/2013/CIM-schema-cim16#SynchronousMachineOperatingMode.generator"/>
    </cim:SynchronousMachine>
    <cim:SynchronousMachine rdf:about="#_B3-G">
        <cim:RegulatingCondEq.controlEnabled>true</cim:RegulatingCondEq.controlEnabled>
        <cim:RotatingMachine.p>-85</cim:RotatingMachine.p>
        <cim:RotatingMachine.q>10.8597</cim:RotatingMachine.q>
        <cim:SynchronousMachine.referencePriority>0</cim:SynchronousMachine.referencePriority>
        <cim:SynchronousMachine.operatingMode rdf:resource="http://iec.ch/TC57/2013/CIM-schema-cim16#SynchronousMachineOperatingMode.generator"/>
    </cim:SynchronousMachine>
    <cim:RegulatingControl rdf:about="#_03193122-1b31-4561-ade1-b0024f13b72f">
        <cim:RegulatingControl.discrete>false</cim:RegulatingControl.discrete>
        <cim:RegulatingControl.enabled>true</cim:RegulatingControl.enabled>
        <cim:RegulatingControl.targetDeadband>0</cim:RegulatingControl.targetDeadband>
        <cim:RegulatingControl.targetValue>102.49999999999999</cim:RegulatingControl.targetValue>
        <cim:RegulatingControl.targetValueUnitMultiplier rdf:resource="http://iec.ch/TC57/2013/CIM-schema-cim16#UnitMultiplier.k"/>
    </cim:RegulatingControl>
    <cim:RegulatingControl rdf:about="#_564e5a61-4058-4b28-81ac-e070ab42b6c5">
        <cim:RegulatingControl.discrete>false</cim:RegulatingControl.discrete>
        <cim:RegulatingControl.enabled>true</cim:RegulatingControl.enabled>
        <cim:RegulatingControl.targetDeadband>0</cim:RegulatingControl.targetDeadband>
        <cim:RegulatingControl.targetValue>102.49999999999999</cim:RegulatingControl.targetValue>
        <cim:RegulatingControl.targetValueUnitMultiplier rdf:resource="http://iec.ch/TC57/2013/CIM-schema-cim16#UnitMultiplier.k"/>
    </cim:RegulatingControl>
    <cim:RegulatingControl rdf:about="#_d9d09f93-fa9b-44a3-946f-7a515e7b722f">
        <cim:RegulatingControl.discrete>false</cim:RegulatingControl.discrete>
        <cim:RegulatingControl.enabled>true</cim:RegulatingControl.enabled>
        <cim:RegulatingControl.targetDeadband>0</cim:RegulatingControl.targetDeadband>
        <cim:RegulatingControl.targetValue>104</cim:RegulatingControl.targetValue>
        <cim:RegulatingControl.targetValueUnitMultiplier rdf:resource="http://iec.ch/TC57/2013/CIM-schema-cim16#UnitMultiplier.k"/>
    </cim:RegulatingControl>
    <cim:Terminal rdf:about="#_a33edf9f-1a60-4fb8-9eab-b75b24493717">
        <cim:ACDCTerminal.connected>true</cim:ACDCTerminal.connected>
    </cim:Terminal>
    <cim:Terminal rdf:about="#_e3a3eaf5-2289-4a5a-85cd-ce27a6e5171b">
        <cim:ACDCTerminal.connected>true</cim:ACDCTerminal.connected>
    </cim:Terminal>
    <cim:Terminal rdf:about="#_8e47974b-a789-412d-ba89-416010796ab9">
        <cim:ACDCTerminal.connected>true</cim:ACDCTerminal.connected>
    </cim:Terminal>
    <cim:Terminal rdf:about="#_6096b4c8-9128-418f-a47f-5d01331f08e8">
        <cim:ACDCTerminal.connected>true</cim:ACDCTerminal.connected>
    </cim:Terminal>
    <cim:Terminal rdf:about="#_16c83f78-0c80-40a2-951b-a2f0cbd70fae">
        <cim:ACDCTerminal.connected>true</cim:ACDCTerminal.connected>
    </cim:Terminal>
    <cim:Terminal rdf:about="#_b1e5f3c6-1cd5-4a66-83cf-21dbc1e38c86">
        <cim:ACDCTerminal.connected>true</cim:ACDCTerminal.connected>
    </cim:Terminal>
    <cim:Terminal rdf:about="#_8eb763a2-83a8-4ba3-9d3e-c4a96139a2b5">
        <cim:ACDCTerminal.connected>true</cim:ACDCTerminal.connected>
    </cim:Terminal>
    <cim:Terminal rdf:about="#_3d307b9c-4e55-4a54-bd6d-91d8674a88dd">
        <cim:ACDCTerminal.connected>true</cim:ACDCTerminal.connected>
    </cim:Terminal>
    <cim:Terminal rdf:about="#_55d2b3c9-2eee-492a-8e7c-a7ab9b327cde">
        <cim:ACDCTerminal.connected>true</cim:ACDCTerminal.connected>
    </cim:Terminal>
    <cim:Terminal rdf:about="#_5f1482e3-1060-46fa-b0f6-3c1df1a1de6b">
        <cim:ACDCTerminal.connected>true</cim:ACDCTerminal.connected>
    </cim:Terminal>
    <cim:Terminal rdf:about="#_cb341e9c-d481-4c62-9081-e54166acc932">
        <cim:ACDCTerminal.connected>true</cim:ACDCTerminal.connected>
    </cim:Terminal>
    <cim:Terminal rdf:about="#_f61e1e3b-ed00-4f83-a9aa-3a858cdc4a4d">
        <cim:ACDCTerminal.connected>true</cim:ACDCTerminal.connected>
    </cim:Terminal>
    <cim:Terminal rdf:about="#_fbd04bb7-4ade-4c08-95fd-85104690adae">
        <cim:ACDCTerminal.connected>true</cim:ACDCTerminal.connected>
    </cim:Terminal>
    <cim:Terminal rdf:about="#_77df2b25-5990-4cc2-8526-c486dd77a116">
        <cim:ACDCTerminal.connected>true</cim:ACDCTerminal.connected>
    </cim:Terminal>
    <cim:Terminal rdf:about="#_7c2e41e4-dc01-462c-9d97-84897941ef4c">
        <cim:ACDCTerminal.connected>true</cim:ACDCTerminal.connected>
    </cim:Terminal>
    <cim:Terminal rdf:about="#_47bdb058-0777-424b-b2f5-69c13f7cf954">
        <cim:ACDCTerminal.connected>true</cim:ACDCTerminal.connected>
    </cim:Terminal>
    <cim:Terminal rdf:about="#_34107fc1-f6fa-4f2a-aa08-d5f5a52686b9">
        <cim:ACDCTerminal.connected>true</cim:ACDCTerminal.connected>
    </cim:Terminal>
    <cim:Terminal rdf:about="#_f59aa59b-9fda-463e-a749-27cd1e3c843e">
        <cim:ACDCTerminal.connected>true</cim:ACDCTerminal.connected>
    </cim:Terminal>
    <cim:Terminal rdf:about="#_178d228d-aa83-4e62-b21e-25199449bad0">
        <cim:ACDCTerminal.connected>true</cim:ACDCTerminal.connected>
    </cim:Terminal>
    <cim:Terminal rdf:about="#_1a00126d-0d32-4802-bc79-2f25ddb43723">
        <cim:ACDCTerminal.connected>true</cim:ACDCTerminal.connected>
    </cim:Terminal>
    <cim:Terminal rdf:about="#_c934a8db-c274-41ff-a37b-49966039a989">
        <cim:ACDCTerminal.connected>true</cim:ACDCTerminal.connected>
    </cim:Terminal>
    <cim:Terminal rdf:about="#_167f2ed9-1457-4051-90ff-e82017f8eab1">
        <cim:ACDCTerminal.connected>true</cim:ACDCTerminal.connected>
    </cim:Terminal>
    <cim:Terminal rdf:about="#_e905b15b-a299-4cfc-8faf-113462ec8870">
        <cim:ACDCTerminal.connected>true</cim:ACDCTerminal.connected>
    </cim:Terminal>
    <cim:Terminal rdf:about="#_a6b11fbe-b2c9-49eb-9309-77985c6407f5">
        <cim:ACDCTerminal.connected>true</cim:ACDCTerminal.connected>
    </cim:Terminal>
    <cim:ControlArea rdf:about="#_0f787e30-8f02-4a51-80cd-a941c8694d86">
        <cim:ControlArea.netInterchange>0</cim:ControlArea.netInterchange>
        <cim:ControlArea.pTolerance>0</cim:ControlArea.pTolerance>
    </cim:ControlArea>
</rdf:RDF>
