<?xml version="1.0" encoding="UTF-8"?>
<rdf:RDF xmlns:entsoe="http://entsoe.eu/CIM/SchemaExtension/3/1#" xmlns:rdf="http://www.w3.org/1999/02/22-rdf-syntax-ns#" xmlns:cim="http://iec.ch/TC57/2013/CIM-schema-cim16#" xmlns:md="http://iec.ch/TC57/61970-552/ModelDescription/1#">
    <md:FullModel rdf:about="urn:uuid:a19fe10b-b1ac-4e0d-86b0-7a7c7d039c89">
        <md:Model.scenarioTime>2009-04-26T00:00:00.000Z</md:Model.scenarioTime>
        <md:Model.created>2024-02-14T03:26:09.867Z</md:Model.created>
        <md:Model.description>EQ Model</md:Model.description>
        <md:Model.version>1</md:Model.version>
        <md:Model.profile>http://entsoe.eu/CIM/EquipmentCore/3/1</md:Model.profile>
        <md:Model.modelingAuthoritySet>powsybl.org</md:Model.modelingAuthoritySet>
    </md:FullModel>
    <cim:Terminal rdf:ID="_a33edf9f-1a60-4fb8-9eab-b75b24493717">
        <cim:IdentifiedObject.mRID>a33edf9f-1a60-4fb8-9eab-b75b24493717</cim:IdentifiedObject.mRID>
        <cim:IdentifiedObject.name>L5-4-0</cim:IdentifiedObject.name>
        <cim:Terminal.ConductingEquipment rdf:resource="#_L5-4-0"/>
        <cim:ACDCTerminal.sequenceNumber>1</cim:ACDCTerminal.sequenceNumber>
    </cim:Terminal>
    <cim:Terminal rdf:ID="_e3a3eaf5-2289-4a5a-85cd-ce27a6e5171b">
        <cim:IdentifiedObject.mRID>e3a3eaf5-2289-4a5a-85cd-ce27a6e5171b</cim:IdentifiedObject.mRID>
        <cim:IdentifiedObject.name>L5-4-0</cim:IdentifiedObject.name>
        <cim:Terminal.ConductingEquipment rdf:resource="#_L5-4-0"/>
        <cim:ACDCTerminal.sequenceNumber>2</cim:ACDCTerminal.sequenceNumber>
    </cim:Terminal>
    <cim:Terminal rdf:ID="_8e47974b-a789-412d-ba89-416010796ab9">
        <cim:IdentifiedObject.mRID>8e47974b-a789-412d-ba89-416010796ab9</cim:IdentifiedObject.mRID>
        <cim:IdentifiedObject.name>L6-4-0</cim:IdentifiedObject.name>
        <cim:Terminal.ConductingEquipment rdf:resource="#_L6-4-0"/>
        <cim:ACDCTerminal.sequenceNumber>1</cim:ACDCTerminal.sequenceNumber>
    </cim:Terminal>
    <cim:Terminal rdf:ID="_6096b4c8-9128-418f-a47f-5d01331f08e8">
        <cim:IdentifiedObject.mRID>6096b4c8-9128-418f-a47f-5d01331f08e8</cim:IdentifiedObject.mRID>
        <cim:IdentifiedObject.name>L6-4-0</cim:IdentifiedObject.name>
        <cim:Terminal.ConductingEquipment rdf:resource="#_L6-4-0"/>
        <cim:ACDCTerminal.sequenceNumber>2</cim:ACDCTerminal.sequenceNumber>
    </cim:Terminal>
    <cim:Terminal rdf:ID="_16c83f78-0c80-40a2-951b-a2f0cbd70fae">
        <cim:IdentifiedObject.mRID>16c83f78-0c80-40a2-951b-a2f0cbd70fae</cim:IdentifiedObject.mRID>
        <cim:IdentifiedObject.name>L9-6-0</cim:IdentifiedObject.name>
        <cim:Terminal.ConductingEquipment rdf:resource="#_L9-6-0"/>
        <cim:ACDCTerminal.sequenceNumber>1</cim:ACDCTerminal.sequenceNumber>
    </cim:Terminal>
    <cim:Terminal rdf:ID="_b1e5f3c6-1cd5-4a66-83cf-21dbc1e38c86">
        <cim:IdentifiedObject.mRID>b1e5f3c6-1cd5-4a66-83cf-21dbc1e38c86</cim:IdentifiedObject.mRID>
        <cim:IdentifiedObject.name>L9-6-0</cim:IdentifiedObject.name>
        <cim:Terminal.ConductingEquipment rdf:resource="#_L9-6-0"/>
        <cim:ACDCTerminal.sequenceNumber>2</cim:ACDCTerminal.sequenceNumber>
    </cim:Terminal>
    <cim:Terminal rdf:ID="_8eb763a2-83a8-4ba3-9d3e-c4a96139a2b5">
        <cim:IdentifiedObject.mRID>8eb763a2-83a8-4ba3-9d3e-c4a96139a2b5</cim:IdentifiedObject.mRID>
        <cim:IdentifiedObject.name>L9-8-0</cim:IdentifiedObject.name>
        <cim:Terminal.ConductingEquipment rdf:resource="#_L9-8-0"/>
        <cim:ACDCTerminal.sequenceNumber>1</cim:ACDCTerminal.sequenceNumber>
    </cim:Terminal>
    <cim:Terminal rdf:ID="_3d307b9c-4e55-4a54-bd6d-91d8674a88dd">
        <cim:IdentifiedObject.mRID>3d307b9c-4e55-4a54-bd6d-91d8674a88dd</cim:IdentifiedObject.mRID>
        <cim:IdentifiedObject.name>L9-8-0</cim:IdentifiedObject.name>
        <cim:Terminal.ConductingEquipment rdf:resource="#_L9-8-0"/>
        <cim:ACDCTerminal.sequenceNumber>2</cim:ACDCTerminal.sequenceNumber>
    </cim:Terminal>
    <cim:Terminal rdf:ID="_55d2b3c9-2eee-492a-8e7c-a7ab9b327cde">
        <cim:IdentifiedObject.mRID>55d2b3c9-2eee-492a-8e7c-a7ab9b327cde</cim:IdentifiedObject.mRID>
        <cim:IdentifiedObject.name>T7-2-0</cim:IdentifiedObject.name>
        <cim:Terminal.ConductingEquipment rdf:resource="#_T7-2-0"/>
        <cim:ACDCTerminal.sequenceNumber>1</cim:ACDCTerminal.sequenceNumber>
    </cim:Terminal>
    <cim:Terminal rdf:ID="_5f1482e3-1060-46fa-b0f6-3c1df1a1de6b">
        <cim:IdentifiedObject.mRID>5f1482e3-1060-46fa-b0f6-3c1df1a1de6b</cim:IdentifiedObject.mRID>
        <cim:IdentifiedObject.name>T7-2-0</cim:IdentifiedObject.name>
        <cim:Terminal.ConductingEquipment rdf:resource="#_T7-2-0"/>
        <cim:ACDCTerminal.sequenceNumber>2</cim:ACDCTerminal.sequenceNumber>
    </cim:Terminal>
    <cim:Terminal rdf:ID="_cb341e9c-d481-4c62-9081-e54166acc932">
        <cim:IdentifiedObject.mRID>cb341e9c-d481-4c62-9081-e54166acc932</cim:IdentifiedObject.mRID>
        <cim:IdentifiedObject.name>T9-3-0</cim:IdentifiedObject.name>
        <cim:Terminal.ConductingEquipment rdf:resource="#_T9-3-0"/>
        <cim:ACDCTerminal.sequenceNumber>1</cim:ACDCTerminal.sequenceNumber>
    </cim:Terminal>
    <cim:Terminal rdf:ID="_f61e1e3b-ed00-4f83-a9aa-3a858cdc4a4d">
        <cim:IdentifiedObject.mRID>f61e1e3b-ed00-4f83-a9aa-3a858cdc4a4d</cim:IdentifiedObject.mRID>
        <cim:IdentifiedObject.name>T9-3-0</cim:IdentifiedObject.name>
        <cim:Terminal.ConductingEquipment rdf:resource="#_T9-3-0"/>
        <cim:ACDCTerminal.sequenceNumber>2</cim:ACDCTerminal.sequenceNumber>
    </cim:Terminal>
    <cim:Terminal rdf:ID="_fbd04bb7-4ade-4c08-95fd-85104690adae">
        <cim:IdentifiedObject.mRID>fbd04bb7-4ade-4c08-95fd-85104690adae</cim:IdentifiedObject.mRID>
        <cim:IdentifiedObject.name>B8-L</cim:IdentifiedObject.name>
        <cim:Terminal.ConductingEquipment rdf:resource="#_B8-L"/>
        <cim:ACDCTerminal.sequenceNumber>1</cim:ACDCTerminal.sequenceNumber>
    </cim:Terminal>
    <cim:Terminal rdf:ID="_77df2b25-5990-4cc2-8526-c486dd77a116">
        <cim:IdentifiedObject.mRID>77df2b25-5990-4cc2-8526-c486dd77a116</cim:IdentifiedObject.mRID>
        <cim:IdentifiedObject.name>B5-L</cim:IdentifiedObject.name>
        <cim:Terminal.ConductingEquipment rdf:resource="#_B5-L"/>
        <cim:ACDCTerminal.sequenceNumber>1</cim:ACDCTerminal.sequenceNumber>
    </cim:Terminal>
    <cim:Terminal rdf:ID="_7c2e41e4-dc01-462c-9d97-84897941ef4c">
        <cim:IdentifiedObject.mRID>7c2e41e4-dc01-462c-9d97-84897941ef4c</cim:IdentifiedObject.mRID>
        <cim:IdentifiedObject.name>B6-L</cim:IdentifiedObject.name>
        <cim:Terminal.ConductingEquipment rdf:resource="#_B6-L"/>
        <cim:ACDCTerminal.sequenceNumber>1</cim:ACDCTerminal.sequenceNumber>
    </cim:Terminal>
    <cim:Terminal rdf:ID="_47bdb058-0777-424b-b2f5-69c13f7cf954">
        <cim:IdentifiedObject.mRID>47bdb058-0777-424b-b2f5-69c13f7cf954</cim:IdentifiedObject.mRID>
        <cim:IdentifiedObject.name>T4-1-0</cim:IdentifiedObject.name>
        <cim:Terminal.ConductingEquipment rdf:resource="#_T4-1-0"/>
        <cim:ACDCTerminal.sequenceNumber>1</cim:ACDCTerminal.sequenceNumber>
    </cim:Terminal>
    <cim:Terminal rdf:ID="_34107fc1-f6fa-4f2a-aa08-d5f5a52686b9">
        <cim:IdentifiedObject.mRID>34107fc1-f6fa-4f2a-aa08-d5f5a52686b9</cim:IdentifiedObject.mRID>
        <cim:IdentifiedObject.name>T4-1-0</cim:IdentifiedObject.name>
        <cim:Terminal.ConductingEquipment rdf:resource="#_T4-1-0"/>
        <cim:ACDCTerminal.sequenceNumber>2</cim:ACDCTerminal.sequenceNumber>
    </cim:Terminal>
    <cim:Terminal rdf:ID="_f59aa59b-9fda-463e-a749-27cd1e3c843e">
        <cim:IdentifiedObject.mRID>f59aa59b-9fda-463e-a749-27cd1e3c843e</cim:IdentifiedObject.mRID>
        <cim:IdentifiedObject.name>B2-G</cim:IdentifiedObject.name>
        <cim:Terminal.ConductingEquipment rdf:resource="#_B2-G"/>
        <cim:ACDCTerminal.sequenceNumber>1</cim:ACDCTerminal.sequenceNumber>
    </cim:Terminal>
    <cim:Terminal rdf:ID="_178d228d-aa83-4e62-b21e-25199449bad0">
        <cim:IdentifiedObject.mRID>178d228d-aa83-4e62-b21e-25199449bad0</cim:IdentifiedObject.mRID>
        <cim:IdentifiedObject.name>B3-G</cim:IdentifiedObject.name>
        <cim:Terminal.ConductingEquipment rdf:resource="#_B3-G"/>
        <cim:ACDCTerminal.sequenceNumber>1</cim:ACDCTerminal.sequenceNumber>
    </cim:Terminal>
    <cim:Terminal rdf:ID="_1a00126d-0d32-4802-bc79-2f25ddb43723">
        <cim:IdentifiedObject.mRID>1a00126d-0d32-4802-bc79-2f25ddb43723</cim:IdentifiedObject.mRID>
        <cim:IdentifiedObject.name>L7-8-0</cim:IdentifiedObject.name>
        <cim:Terminal.ConductingEquipment rdf:resource="#_L7-8-0"/>
        <cim:ACDCTerminal.sequenceNumber>1</cim:ACDCTerminal.sequenceNumber>
    </cim:Terminal>
    <cim:Terminal rdf:ID="_c934a8db-c274-41ff-a37b-49966039a989">
        <cim:IdentifiedObject.mRID>c934a8db-c274-41ff-a37b-49966039a989</cim:IdentifiedObject.mRID>
        <cim:IdentifiedObject.name>L7-8-0</cim:IdentifiedObject.name>
        <cim:Terminal.ConductingEquipment rdf:resource="#_L7-8-0"/>
        <cim:ACDCTerminal.sequenceNumber>2</cim:ACDCTerminal.sequenceNumber>
    </cim:Terminal>
    <cim:Terminal rdf:ID="_167f2ed9-1457-4051-90ff-e82017f8eab1">
        <cim:IdentifiedObject.mRID>167f2ed9-1457-4051-90ff-e82017f8eab1</cim:IdentifiedObject.mRID>
        <cim:IdentifiedObject.name>B1-G</cim:IdentifiedObject.name>
        <cim:Terminal.ConductingEquipment rdf:resource="#_B1-G"/>
        <cim:ACDCTerminal.sequenceNumber>1</cim:ACDCTerminal.sequenceNumber>
    </cim:Terminal>
    <cim:Terminal rdf:ID="_e905b15b-a299-4cfc-8faf-113462ec8870">
        <cim:IdentifiedObject.mRID>e905b15b-a299-4cfc-8faf-113462ec8870</cim:IdentifiedObject.mRID>
        <cim:IdentifiedObject.name>L7-5-0</cim:IdentifiedObject.name>
        <cim:Terminal.ConductingEquipment rdf:resource="#_L7-5-0"/>
        <cim:ACDCTerminal.sequenceNumber>1</cim:ACDCTerminal.sequenceNumber>
    </cim:Terminal>
    <cim:Terminal rdf:ID="_a6b11fbe-b2c9-49eb-9309-77985c6407f5">
        <cim:IdentifiedObject.mRID>a6b11fbe-b2c9-49eb-9309-77985c6407f5</cim:IdentifiedObject.mRID>
        <cim:IdentifiedObject.name>L7-5-0</cim:IdentifiedObject.name>
        <cim:Terminal.ConductingEquipment rdf:resource="#_L7-5-0"/>
        <cim:ACDCTerminal.sequenceNumber>2</cim:ACDCTerminal.sequenceNumber>
    </cim:Terminal>
    <cim:GeographicalRegion rdf:ID="_195fe606-d48f-4d53-8279-e7c0b317ef4b">
        <cim:IdentifiedObject.mRID>195fe606-d48f-4d53-8279-e7c0b317ef4b</cim:IdentifiedObject.mRID>
        <cim:IdentifiedObject.name>default region</cim:IdentifiedObject.name>
    </cim:GeographicalRegion>
    <cim:SubGeographicalRegion rdf:ID="_09655630-f880-43ab-a104-3b37624d45fa">
        <cim:IdentifiedObject.mRID>09655630-f880-43ab-a104-3b37624d45fa</cim:IdentifiedObject.mRID>
        <cim:IdentifiedObject.name>default region</cim:IdentifiedObject.name>
        <cim:SubGeographicalRegion.Region rdf:resource="#_195fe606-d48f-4d53-8279-e7c0b317ef4b"/>
    </cim:SubGeographicalRegion>
    <cim:Substation rdf:ID="_S1">
        <cim:IdentifiedObject.mRID>S1</cim:IdentifiedObject.mRID>
        <cim:IdentifiedObject.name>S1</cim:IdentifiedObject.name>
        <cim:Substation.Region rdf:resource="#_09655630-f880-43ab-a104-3b37624d45fa"/>
    </cim:Substation>
    <cim:Substation rdf:ID="_S2">
        <cim:IdentifiedObject.mRID>S2</cim:IdentifiedObject.mRID>
        <cim:IdentifiedObject.name>S2</cim:IdentifiedObject.name>
        <cim:Substation.Region rdf:resource="#_09655630-f880-43ab-a104-3b37624d45fa"/>
    </cim:Substation>
    <cim:Substation rdf:ID="_S3">
        <cim:IdentifiedObject.mRID>S3</cim:IdentifiedObject.mRID>
        <cim:IdentifiedObject.name>S3</cim:IdentifiedObject.name>
        <cim:Substation.Region rdf:resource="#_09655630-f880-43ab-a104-3b37624d45fa"/>
    </cim:Substation>
    <cim:Substation rdf:ID="_S5">
        <cim:IdentifiedObject.mRID>S5</cim:IdentifiedObject.mRID>
        <cim:IdentifiedObject.name>S5</cim:IdentifiedObject.name>
        <cim:Substation.Region rdf:resource="#_09655630-f880-43ab-a104-3b37624d45fa"/>
    </cim:Substation>
    <cim:Substation rdf:ID="_S6">
        <cim:IdentifiedObject.mRID>S6</cim:IdentifiedObject.mRID>
        <cim:IdentifiedObject.name>S6</cim:IdentifiedObject.name>
        <cim:Substation.Region rdf:resource="#_09655630-f880-43ab-a104-3b37624d45fa"/>
    </cim:Substation>
    <cim:Substation rdf:ID="_S8">
        <cim:IdentifiedObject.mRID>S8</cim:IdentifiedObject.mRID>
        <cim:IdentifiedObject.name>S8</cim:IdentifiedObject.name>
        <cim:Substation.Region rdf:resource="#_09655630-f880-43ab-a104-3b37624d45fa"/>
    </cim:Substation>
    <cim:BaseVoltage rdf:ID="_76c42bf3-4cb6-4ca3-8f64-437a233e03f1">
        <cim:IdentifiedObject.mRID>76c42bf3-4cb6-4ca3-8f64-437a233e03f1</cim:IdentifiedObject.mRID>
        <cim:IdentifiedObject.name>100</cim:IdentifiedObject.name>
        <cim:BaseVoltage.nominalVoltage>100</cim:BaseVoltage.nominalVoltage>
    </cim:BaseVoltage>
    <cim:VoltageLevel rdf:ID="_VL1">
        <cim:IdentifiedObject.mRID>VL1</cim:IdentifiedObject.mRID>
        <cim:IdentifiedObject.name>VL1</cim:IdentifiedObject.name>
        <cim:VoltageLevel.Substation rdf:resource="#_S1"/>
        <cim:VoltageLevel.BaseVoltage rdf:resource="#_76c42bf3-4cb6-4ca3-8f64-437a233e03f1"/>
    </cim:VoltageLevel>
    <cim:VoltageLevel rdf:ID="_VL2">
        <cim:IdentifiedObject.mRID>VL2</cim:IdentifiedObject.mRID>
        <cim:IdentifiedObject.name>VL2</cim:IdentifiedObject.name>
        <cim:VoltageLevel.Substation rdf:resource="#_S2"/>
        <cim:VoltageLevel.BaseVoltage rdf:resource="#_76c42bf3-4cb6-4ca3-8f64-437a233e03f1"/>
    </cim:VoltageLevel>
    <cim:VoltageLevel rdf:ID="_VL3">
        <cim:IdentifiedObject.mRID>VL3</cim:IdentifiedObject.mRID>
        <cim:IdentifiedObject.name>VL3</cim:IdentifiedObject.name>
        <cim:VoltageLevel.Substation rdf:resource="#_S3"/>
        <cim:VoltageLevel.BaseVoltage rdf:resource="#_76c42bf3-4cb6-4ca3-8f64-437a233e03f1"/>
    </cim:VoltageLevel>
    <cim:VoltageLevel rdf:ID="_VL5">
        <cim:IdentifiedObject.mRID>VL5</cim:IdentifiedObject.mRID>
        <cim:IdentifiedObject.name>VL5</cim:IdentifiedObject.name>
        <cim:VoltageLevel.Substation rdf:resource="#_S5"/>
        <cim:VoltageLevel.BaseVoltage rdf:resource="#_76c42bf3-4cb6-4ca3-8f64-437a233e03f1"/>
    </cim:VoltageLevel>
    <cim:VoltageLevel rdf:ID="_VL6">
        <cim:IdentifiedObject.mRID>VL6</cim:IdentifiedObject.mRID>
        <cim:IdentifiedObject.name>VL6</cim:IdentifiedObject.name>
        <cim:VoltageLevel.Substation rdf:resource="#_S6"/>
        <cim:VoltageLevel.BaseVoltage rdf:resource="#_76c42bf3-4cb6-4ca3-8f64-437a233e03f1"/>
    </cim:VoltageLevel>
    <cim:VoltageLevel rdf:ID="_VL8">
        <cim:IdentifiedObject.mRID>VL8</cim:IdentifiedObject.mRID>
        <cim:IdentifiedObject.name>VL8</cim:IdentifiedObject.name>
        <cim:VoltageLevel.Substation rdf:resource="#_S8"/>
        <cim:VoltageLevel.BaseVoltage rdf:resource="#_76c42bf3-4cb6-4ca3-8f64-437a233e03f1"/>
    </cim:VoltageLevel>
    <cim:EnergyConsumer rdf:ID="_B5-L">
        <cim:IdentifiedObject.mRID>B5-L</cim:IdentifiedObject.mRID>
        <cim:IdentifiedObject.name>B5-L</cim:IdentifiedObject.name>
        <cim:Equipment.EquipmentContainer rdf:resource="#_VL5"/>
    </cim:EnergyConsumer>
    <cim:EnergyConsumer rdf:ID="_B6-L">
        <cim:IdentifiedObject.mRID>B6-L</cim:IdentifiedObject.mRID>
        <cim:IdentifiedObject.name>B6-L</cim:IdentifiedObject.name>
        <cim:Equipment.EquipmentContainer rdf:resource="#_VL6"/>
    </cim:EnergyConsumer>
    <cim:EnergyConsumer rdf:ID="_B8-L">
        <cim:IdentifiedObject.mRID>B8-L</cim:IdentifiedObject.mRID>
        <cim:IdentifiedObject.name>B8-L</cim:IdentifiedObject.name>
        <cim:Equipment.EquipmentContainer rdf:resource="#_VL8"/>
    </cim:EnergyConsumer>
    <cim:LoadArea rdf:ID="_97279d69-6db7-42e4-90ee-1cd38c0b6ff7">
        <cim:IdentifiedObject.mRID>97279d69-6db7-42e4-90ee-1cd38c0b6ff7</cim:IdentifiedObject.mRID>
        <cim:IdentifiedObject.name>ieee9cdf Load Area</cim:IdentifiedObject.name>
    </cim:LoadArea>
    <cim:SubLoadArea rdf:ID="_9fc5fc5d-e184-4a13-97f5-72e623bd7ee7">
        <cim:IdentifiedObject.mRID>9fc5fc5d-e184-4a13-97f5-72e623bd7ee7</cim:IdentifiedObject.mRID>
        <cim:IdentifiedObject.name>ieee9cdf SubLoad Area</cim:IdentifiedObject.name>
        <cim:SubLoadArea.LoadArea rdf:resource="#_97279d69-6db7-42e4-90ee-1cd38c0b6ff7"/>
    </cim:SubLoadArea>
    <cim:RegulatingControl rdf:ID="_d9d09f93-fa9b-44a3-946f-7a515e7b722f">
        <cim:IdentifiedObject.mRID>d9d09f93-fa9b-44a3-946f-7a515e7b722f</cim:IdentifiedObject.mRID>
        <cim:IdentifiedObject.name>RC_B1-G</cim:IdentifiedObject.name>
        <cim:RegulatingControl.Terminal rdf:resource="#_167f2ed9-1457-4051-90ff-e82017f8eab1"/>
        <cim:RegulatingControl.mode rdf:resource="http://iec.ch/TC57/2013/CIM-schema-cim16#RegulatingControlModeKind.voltage"/>
    </cim:RegulatingControl>
    <cim:SynchronousMachine rdf:ID="_B1-G">
        <cim:IdentifiedObject.mRID>B1-G</cim:IdentifiedObject.mRID>
        <cim:IdentifiedObject.name>B1-G</cim:IdentifiedObject.name>
        <cim:Equipment.EquipmentContainer rdf:resource="#_VL1"/>
        <cim:RotatingMachine.GeneratingUnit rdf:resource="#_54aed454-bd56-4386-888d-1eaaf379a220"/>
        <cim:RegulatingCondEq.RegulatingControl rdf:resource="#_d9d09f93-fa9b-44a3-946f-7a515e7b722f"/>
        <cim:SynchronousMachine.minQ>-99990</cim:SynchronousMachine.minQ>
        <cim:SynchronousMachine.maxQ>999900</cim:SynchronousMachine.maxQ>
        <cim:RotatingMachine.ratedS>999900</cim:RotatingMachine.ratedS>
        <cim:SynchronousMachine.type rdf:resource="http://iec.ch/TC57/2013/CIM-schema-cim16#SynchronousMachineKind.generatorOrMotor"/>
    </cim:SynchronousMachine>
    <cim:GeneratingUnit rdf:ID="_54aed454-bd56-4386-888d-1eaaf379a220">
        <cim:IdentifiedObject.mRID>54aed454-bd56-4386-888d-1eaaf379a220</cim:IdentifiedObject.mRID>
        <cim:IdentifiedObject.name>GU_B1-G</cim:IdentifiedObject.name>
        <cim:GeneratingUnit.minOperatingP>-9999</cim:GeneratingUnit.minOperatingP>
        <cim:GeneratingUnit.maxOperatingP>9999</cim:GeneratingUnit.maxOperatingP>
        <cim:GeneratingUnit.initialP>71.64102</cim:GeneratingUnit.initialP>
        <cim:Equipment.EquipmentContainer rdf:resource="#_S1"/>
    </cim:GeneratingUnit>
    <cim:RegulatingControl rdf:ID="_564e5a61-4058-4b28-81ac-e070ab42b6c5">
        <cim:IdentifiedObject.mRID>564e5a61-4058-4b28-81ac-e070ab42b6c5</cim:IdentifiedObject.mRID>
        <cim:IdentifiedObject.name>RC_B2-G</cim:IdentifiedObject.name>
        <cim:RegulatingControl.Terminal rdf:resource="#_f59aa59b-9fda-463e-a749-27cd1e3c843e"/>
        <cim:RegulatingControl.mode rdf:resource="http://iec.ch/TC57/2013/CIM-schema-cim16#RegulatingControlModeKind.voltage"/>
    </cim:RegulatingControl>
    <cim:SynchronousMachine rdf:ID="_B2-G">
        <cim:IdentifiedObject.mRID>B2-G</cim:IdentifiedObject.mRID>
        <cim:IdentifiedObject.name>B2-G</cim:IdentifiedObject.name>
        <cim:Equipment.EquipmentContainer rdf:resource="#_VL2"/>
        <cim:RotatingMachine.GeneratingUnit rdf:resource="#_2de4812f-0887-4b6e-a78d-e905bc7aeee4"/>
        <cim:RegulatingCondEq.RegulatingControl rdf:resource="#_564e5a61-4058-4b28-81ac-e070ab42b6c5"/>
        <cim:SynchronousMachine.minQ>-99990</cim:SynchronousMachine.minQ>
        <cim:SynchronousMachine.maxQ>999900</cim:SynchronousMachine.maxQ>
        <cim:RotatingMachine.ratedS>999900</cim:RotatingMachine.ratedS>
        <cim:SynchronousMachine.type rdf:resource="http://iec.ch/TC57/2013/CIM-schema-cim16#SynchronousMachineKind.generatorOrMotor"/>
    </cim:SynchronousMachine>
    <cim:GeneratingUnit rdf:ID="_2de4812f-0887-4b6e-a78d-e905bc7aeee4">
        <cim:IdentifiedObject.mRID>2de4812f-0887-4b6e-a78d-e905bc7aeee4</cim:IdentifiedObject.mRID>
        <cim:IdentifiedObject.name>GU_B2-G</cim:IdentifiedObject.name>
        <cim:GeneratingUnit.minOperatingP>-9999</cim:GeneratingUnit.minOperatingP>
        <cim:GeneratingUnit.maxOperatingP>9999</cim:GeneratingUnit.maxOperatingP>
        <cim:GeneratingUnit.initialP>163</cim:GeneratingUnit.initialP>
        <cim:Equipment.EquipmentContainer rdf:resource="#_S2"/>
    </cim:GeneratingUnit>
    <cim:RegulatingControl rdf:ID="_03193122-1b31-4561-ade1-b0024f13b72f">
        <cim:IdentifiedObject.mRID>03193122-1b31-4561-ade1-b0024f13b72f</cim:IdentifiedObject.mRID>
        <cim:IdentifiedObject.name>RC_B3-G</cim:IdentifiedObject.name>
        <cim:RegulatingControl.Terminal rdf:resource="#_178d228d-aa83-4e62-b21e-25199449bad0"/>
        <cim:RegulatingControl.mode rdf:resource="http://iec.ch/TC57/2013/CIM-schema-cim16#RegulatingControlModeKind.voltage"/>
    </cim:RegulatingControl>
    <cim:SynchronousMachine rdf:ID="_B3-G">
        <cim:IdentifiedObject.mRID>B3-G</cim:IdentifiedObject.mRID>
        <cim:IdentifiedObject.name>B3-G</cim:IdentifiedObject.name>
        <cim:Equipment.EquipmentContainer rdf:resource="#_VL3"/>
        <cim:RotatingMachine.GeneratingUnit rdf:resource="#_eae33b6f-ebfe-428c-b3d8-04e4a83c25d8"/>
        <cim:RegulatingCondEq.RegulatingControl rdf:resource="#_03193122-1b31-4561-ade1-b0024f13b72f"/>
        <cim:SynchronousMachine.minQ>-99990</cim:SynchronousMachine.minQ>
        <cim:SynchronousMachine.maxQ>999900</cim:SynchronousMachine.maxQ>
        <cim:RotatingMachine.ratedS>999900</cim:RotatingMachine.ratedS>
        <cim:SynchronousMachine.type rdf:resource="http://iec.ch/TC57/2013/CIM-schema-cim16#SynchronousMachineKind.generatorOrMotor"/>
    </cim:SynchronousMachine>
    <cim:GeneratingUnit rdf:ID="_eae33b6f-ebfe-428c-b3d8-04e4a83c25d8">
        <cim:IdentifiedObject.mRID>eae33b6f-ebfe-428c-b3d8-04e4a83c25d8</cim:IdentifiedObject.mRID>
        <cim:IdentifiedObject.name>GU_B3-G</cim:IdentifiedObject.name>
        <cim:GeneratingUnit.minOperatingP>-9999</cim:GeneratingUnit.minOperatingP>
        <cim:GeneratingUnit.maxOperatingP>9999</cim:GeneratingUnit.maxOperatingP>
        <cim:GeneratingUnit.initialP>85</cim:GeneratingUnit.initialP>
        <cim:Equipment.EquipmentContainer rdf:resource="#_S3"/>
    </cim:GeneratingUnit>
    <cim:ACLineSegment rdf:ID="_L7-8-0">
        <cim:IdentifiedObject.mRID>L7-8-0</cim:IdentifiedObject.mRID>
        <cim:IdentifiedObject.name>L7-8-0</cim:IdentifiedObject.name>
        <cim:ACLineSegment.r>0.85</cim:ACLineSegment.r>
        <cim:ACLineSegment.x>7.2</cim:ACLineSegment.x>
        <cim:ACLineSegment.bch>0.00149</cim:ACLineSegment.bch>
        <cim:ConductingEquipment.BaseVoltage rdf:resource="#_76c42bf3-4cb6-4ca3-8f64-437a233e03f1"/>
    </cim:ACLineSegment>
    <cim:ACLineSegment rdf:ID="_L9-8-0">
        <cim:IdentifiedObject.mRID>L9-8-0</cim:IdentifiedObject.mRID>
        <cim:IdentifiedObject.name>L9-8-0</cim:IdentifiedObject.name>
        <cim:ACLineSegment.r>1.19</cim:ACLineSegment.r>
        <cim:ACLineSegment.x>10.08</cim:ACLineSegment.x>
        <cim:ACLineSegment.bch>0.00209</cim:ACLineSegment.bch>
        <cim:ConductingEquipment.BaseVoltage rdf:resource="#_76c42bf3-4cb6-4ca3-8f64-437a233e03f1"/>
    </cim:ACLineSegment>
    <cim:ACLineSegment rdf:ID="_L7-5-0">
        <cim:IdentifiedObject.mRID>L7-5-0</cim:IdentifiedObject.mRID>
        <cim:IdentifiedObject.name>L7-5-0</cim:IdentifiedObject.name>
        <cim:ACLineSegment.r>3.2</cim:ACLineSegment.r>
        <cim:ACLineSegment.x>16.1</cim:ACLineSegment.x>
        <cim:ACLineSegment.bch>0.00306</cim:ACLineSegment.bch>
        <cim:ConductingEquipment.BaseVoltage rdf:resource="#_76c42bf3-4cb6-4ca3-8f64-437a233e03f1"/>
    </cim:ACLineSegment>
    <cim:ACLineSegment rdf:ID="_L9-6-0">
        <cim:IdentifiedObject.mRID>L9-6-0</cim:IdentifiedObject.mRID>
        <cim:IdentifiedObject.name>L9-6-0</cim:IdentifiedObject.name>
        <cim:ACLineSegment.r>3.9</cim:ACLineSegment.r>
        <cim:ACLineSegment.x>17</cim:ACLineSegment.x>
        <cim:ACLineSegment.bch>0.00358</cim:ACLineSegment.bch>
        <cim:ConductingEquipment.BaseVoltage rdf:resource="#_76c42bf3-4cb6-4ca3-8f64-437a233e03f1"/>
    </cim:ACLineSegment>
    <cim:ACLineSegment rdf:ID="_L5-4-0">
        <cim:IdentifiedObject.mRID>L5-4-0</cim:IdentifiedObject.mRID>
        <cim:IdentifiedObject.name>L5-4-0</cim:IdentifiedObject.name>
        <cim:ACLineSegment.r>1</cim:ACLineSegment.r>
        <cim:ACLineSegment.x>8.5</cim:ACLineSegment.x>
        <cim:ACLineSegment.bch>0.00176</cim:ACLineSegment.bch>
        <cim:ConductingEquipment.BaseVoltage rdf:resource="#_76c42bf3-4cb6-4ca3-8f64-437a233e03f1"/>
    </cim:ACLineSegment>
    <cim:ACLineSegment rdf:ID="_L6-4-0">
        <cim:IdentifiedObject.mRID>L6-4-0</cim:IdentifiedObject.mRID>
        <cim:IdentifiedObject.name>L6-4-0</cim:IdentifiedObject.name>
        <cim:ACLineSegment.r>1.7</cim:ACLineSegment.r>
        <cim:ACLineSegment.x>9.2</cim:ACLineSegment.x>
        <cim:ACLineSegment.bch>0.00158</cim:ACLineSegment.bch>
        <cim:ConductingEquipment.BaseVoltage rdf:resource="#_76c42bf3-4cb6-4ca3-8f64-437a233e03f1"/>
    </cim:ACLineSegment>
    <cim:PowerTransformer rdf:ID="_T4-1-0">
        <cim:IdentifiedObject.mRID>T4-1-0</cim:IdentifiedObject.mRID>
        <cim:IdentifiedObject.name>T4-1-0</cim:IdentifiedObject.name>
        <cim:Equipment.EquipmentContainer rdf:resource="#_S1"/>
    </cim:PowerTransformer>
    <cim:PowerTransformerEnd rdf:ID="_a986bd87-d491-4c95-add5-3bb5422065dc">
        <cim:IdentifiedObject.mRID>a986bd87-d491-4c95-add5-3bb5422065dc</cim:IdentifiedObject.mRID>
        <cim:IdentifiedObject.name>T4-1-0_1</cim:IdentifiedObject.name>
        <cim:TransformerEnd.endNumber>1</cim:TransformerEnd.endNumber>
        <cim:PowerTransformerEnd.r>0</cim:PowerTransformerEnd.r>
        <cim:PowerTransformerEnd.x>5.76</cim:PowerTransformerEnd.x>
        <cim:PowerTransformerEnd.g>0</cim:PowerTransformerEnd.g>
        <cim:PowerTransformerEnd.b>0</cim:PowerTransformerEnd.b>
        <cim:PowerTransformerEnd.ratedS>100</cim:PowerTransformerEnd.ratedS>
        <cim:PowerTransformerEnd.ratedU>100</cim:PowerTransformerEnd.ratedU>
        <cim:PowerTransformerEnd.PowerTransformer rdf:resource="#_T4-1-0"/>
        <cim:TransformerEnd.Terminal rdf:resource="#_47bdb058-0777-424b-b2f5-69c13f7cf954"/>
        <cim:TransformerEnd.BaseVoltage rdf:resource="#_76c42bf3-4cb6-4ca3-8f64-437a233e03f1"/>
    </cim:PowerTransformerEnd>
    <cim:PowerTransformerEnd rdf:ID="_39cdc481-9cf4-47a9-9935-2650b900225c">
        <cim:IdentifiedObject.mRID>39cdc481-9cf4-47a9-9935-2650b900225c</cim:IdentifiedObject.mRID>
        <cim:IdentifiedObject.name>T4-1-0_2</cim:IdentifiedObject.name>
        <cim:TransformerEnd.endNumber>2</cim:TransformerEnd.endNumber>
        <cim:PowerTransformerEnd.r>0</cim:PowerTransformerEnd.r>
        <cim:PowerTransformerEnd.x>0</cim:PowerTransformerEnd.x>
        <cim:PowerTransformerEnd.g>0</cim:PowerTransformerEnd.g>
        <cim:PowerTransformerEnd.b>0</cim:PowerTransformerEnd.b>
        <cim:PowerTransformerEnd.ratedS>100</cim:PowerTransformerEnd.ratedS>
        <cim:PowerTransformerEnd.ratedU>100</cim:PowerTransformerEnd.ratedU>
        <cim:PowerTransformerEnd.PowerTransformer rdf:resource="#_T4-1-0"/>
        <cim:TransformerEnd.Terminal rdf:resource="#_34107fc1-f6fa-4f2a-aa08-d5f5a52686b9"/>
        <cim:TransformerEnd.BaseVoltage rdf:resource="#_76c42bf3-4cb6-4ca3-8f64-437a233e03f1"/>
    </cim:PowerTransformerEnd>
    <cim:RatioTapChanger rdf:ID="_51e23b11-f761-4c7c-b2cc-18c75c69e455">
        <cim:IdentifiedObject.mRID>51e23b11-f761-4c7c-b2cc-18c75c69e455</cim:IdentifiedObject.mRID>
        <cim:IdentifiedObject.name>T4-1-0_RTC</cim:IdentifiedObject.name>
        <cim:RatioTapChanger.TransformerEnd rdf:resource="#_a986bd87-d491-4c95-add5-3bb5422065dc"/>
        <cim:RatioTapChanger.stepVoltageIncrement>100</cim:RatioTapChanger.stepVoltageIncrement>
        <cim:TapChanger.lowStep>0</cim:TapChanger.lowStep>
        <cim:TapChanger.highStep>0</cim:TapChanger.highStep>
        <cim:TapChanger.normalStep>0</cim:TapChanger.normalStep>
        <cim:TapChanger.neutralStep>0</cim:TapChanger.neutralStep>
        <cim:TapChanger.neutralU>100</cim:TapChanger.neutralU>
        <cim:TapChanger.ltcFlag>true</cim:TapChanger.ltcFlag>
        <cim:RatioTapChanger.tculControlMode rdf:resource="http://iec.ch/TC57/2013/CIM-schema-cim16#TransformerControlMode.reactive"/>
        <cim:RatioTapChanger.RatioTapChangerTable rdf:resource="#_04d5e2d6-6a9f-4214-a366-1345bd81cb0b"/>
    </cim:RatioTapChanger>
    <cim:RatioTapChangerTable rdf:ID="_04d5e2d6-6a9f-4214-a366-1345bd81cb0b">
        <cim:IdentifiedObject.mRID>04d5e2d6-6a9f-4214-a366-1345bd81cb0b</cim:IdentifiedObject.mRID>
        <cim:IdentifiedObject.name>T4-1-0_TABLE</cim:IdentifiedObject.name>
    </cim:RatioTapChangerTable>
    <cim:RatioTapChangerTablePoint rdf:ID="_9a73cc00-b25c-4eb4-8f00-270d992b4552">
        <cim:TapChangerTablePoint.r>0</cim:TapChangerTablePoint.r>
        <cim:TapChangerTablePoint.x>0</cim:TapChangerTablePoint.x>
        <cim:TapChangerTablePoint.g>0</cim:TapChangerTablePoint.g>
        <cim:TapChangerTablePoint.b>0</cim:TapChangerTablePoint.b>
        <cim:TapChangerTablePoint.step>0</cim:TapChangerTablePoint.step>
        <cim:TapChangerTablePoint.ratio>1</cim:TapChangerTablePoint.ratio>
        <cim:RatioTapChangerTablePoint.RatioTapChangerTable rdf:resource="#_04d5e2d6-6a9f-4214-a366-1345bd81cb0b"/>
    </cim:RatioTapChangerTablePoint>
    <cim:PowerTransformer rdf:ID="_T7-2-0">
        <cim:IdentifiedObject.mRID>T7-2-0</cim:IdentifiedObject.mRID>
        <cim:IdentifiedObject.name>T7-2-0</cim:IdentifiedObject.name>
        <cim:Equipment.EquipmentContainer rdf:resource="#_S2"/>
    </cim:PowerTransformer>
    <cim:PowerTransformerEnd rdf:ID="_3e2a237d-0d04-41b5-b8db-a60ff1ea98dd">
        <cim:IdentifiedObject.mRID>3e2a237d-0d04-41b5-b8db-a60ff1ea98dd</cim:IdentifiedObject.mRID>
        <cim:IdentifiedObject.name>T7-2-0_1</cim:IdentifiedObject.name>
        <cim:TransformerEnd.endNumber>1</cim:TransformerEnd.endNumber>
        <cim:PowerTransformerEnd.r>0</cim:PowerTransformerEnd.r>
        <cim:PowerTransformerEnd.x>6.25</cim:PowerTransformerEnd.x>
        <cim:PowerTransformerEnd.g>0</cim:PowerTransformerEnd.g>
        <cim:PowerTransformerEnd.b>0</cim:PowerTransformerEnd.b>
        <cim:PowerTransformerEnd.ratedS>100</cim:PowerTransformerEnd.ratedS>
        <cim:PowerTransformerEnd.ratedU>100</cim:PowerTransformerEnd.ratedU>
        <cim:PowerTransformerEnd.PowerTransformer rdf:resource="#_T7-2-0"/>
        <cim:TransformerEnd.Terminal rdf:resource="#_55d2b3c9-2eee-492a-8e7c-a7ab9b327cde"/>
        <cim:TransformerEnd.BaseVoltage rdf:resource="#_76c42bf3-4cb6-4ca3-8f64-437a233e03f1"/>
    </cim:PowerTransformerEnd>
    <cim:PowerTransformerEnd rdf:ID="_384c273f-0322-4036-bc3a-866743d221a0">
        <cim:IdentifiedObject.mRID>384c273f-0322-4036-bc3a-866743d221a0</cim:IdentifiedObject.mRID>
        <cim:IdentifiedObject.name>T7-2-0_2</cim:IdentifiedObject.name>
        <cim:TransformerEnd.endNumber>2</cim:TransformerEnd.endNumber>
        <cim:PowerTransformerEnd.r>0</cim:PowerTransformerEnd.r>
        <cim:PowerTransformerEnd.x>0</cim:PowerTransformerEnd.x>
        <cim:PowerTransformerEnd.g>0</cim:PowerTransformerEnd.g>
        <cim:PowerTransformerEnd.b>0</cim:PowerTransformerEnd.b>
        <cim:PowerTransformerEnd.ratedS>100</cim:PowerTransformerEnd.ratedS>
        <cim:PowerTransformerEnd.ratedU>100</cim:PowerTransformerEnd.ratedU>
        <cim:PowerTransformerEnd.PowerTransformer rdf:resource="#_T7-2-0"/>
        <cim:TransformerEnd.Terminal rdf:resource="#_5f1482e3-1060-46fa-b0f6-3c1df1a1de6b"/>
        <cim:TransformerEnd.BaseVoltage rdf:resource="#_76c42bf3-4cb6-4ca3-8f64-437a233e03f1"/>
    </cim:PowerTransformerEnd>
    <cim:RatioTapChanger rdf:ID="_f0d4cb2d-2f6f-4083-b07e-d67dbca033b0">
        <cim:IdentifiedObject.mRID>f0d4cb2d-2f6f-4083-b07e-d67dbca033b0</cim:IdentifiedObject.mRID>
        <cim:IdentifiedObject.name>T7-2-0_RTC</cim:IdentifiedObject.name>
        <cim:RatioTapChanger.TransformerEnd rdf:resource="#_3e2a237d-0d04-41b5-b8db-a60ff1ea98dd"/>
        <cim:RatioTapChanger.stepVoltageIncrement>100</cim:RatioTapChanger.stepVoltageIncrement>
        <cim:TapChanger.lowStep>0</cim:TapChanger.lowStep>
        <cim:TapChanger.highStep>0</cim:TapChanger.highStep>
        <cim:TapChanger.normalStep>0</cim:TapChanger.normalStep>
        <cim:TapChanger.neutralStep>0</cim:TapChanger.neutralStep>
        <cim:TapChanger.neutralU>100</cim:TapChanger.neutralU>
        <cim:TapChanger.ltcFlag>true</cim:TapChanger.ltcFlag>
        <cim:RatioTapChanger.tculControlMode rdf:resource="http://iec.ch/TC57/2013/CIM-schema-cim16#TransformerControlMode.reactive"/>
        <cim:RatioTapChanger.RatioTapChangerTable rdf:resource="#_5cd40797-23ac-4fc9-9075-9f109e4ee1cc"/>
    </cim:RatioTapChanger>
    <cim:RatioTapChangerTable rdf:ID="_5cd40797-23ac-4fc9-9075-9f109e4ee1cc">
        <cim:IdentifiedObject.mRID>5cd40797-23ac-4fc9-9075-9f109e4ee1cc</cim:IdentifiedObject.mRID>
        <cim:IdentifiedObject.name>T7-2-0_TABLE</cim:IdentifiedObject.name>
    </cim:RatioTapChangerTable>
    <cim:RatioTapChangerTablePoint rdf:ID="_ec7fb72f-1277-4f51-a2c6-bcb4967ea458">
        <cim:TapChangerTablePoint.r>0</cim:TapChangerTablePoint.r>
        <cim:TapChangerTablePoint.x>0</cim:TapChangerTablePoint.x>
        <cim:TapChangerTablePoint.g>0</cim:TapChangerTablePoint.g>
        <cim:TapChangerTablePoint.b>0</cim:TapChangerTablePoint.b>
        <cim:TapChangerTablePoint.step>0</cim:TapChangerTablePoint.step>
        <cim:TapChangerTablePoint.ratio>1</cim:TapChangerTablePoint.ratio>
        <cim:RatioTapChangerTablePoint.RatioTapChangerTable rdf:resource="#_5cd40797-23ac-4fc9-9075-9f109e4ee1cc"/>
    </cim:RatioTapChangerTablePoint>
    <cim:PowerTransformer rdf:ID="_T9-3-0">
        <cim:IdentifiedObject.mRID>T9-3-0</cim:IdentifiedObject.mRID>
        <cim:IdentifiedObject.name>T9-3-0</cim:IdentifiedObject.name>
        <cim:Equipment.EquipmentContainer rdf:resource="#_S3"/>
    </cim:PowerTransformer>
    <cim:PowerTransformerEnd rdf:ID="_b6d824d6-a76d-4f53-82ca-cd131b0b85cd">
        <cim:IdentifiedObject.mRID>b6d824d6-a76d-4f53-82ca-cd131b0b85cd</cim:IdentifiedObject.mRID>
        <cim:IdentifiedObject.name>T9-3-0_1</cim:IdentifiedObject.name>
        <cim:TransformerEnd.endNumber>1</cim:TransformerEnd.endNumber>
        <cim:PowerTransformerEnd.r>0</cim:PowerTransformerEnd.r>
        <cim:PowerTransformerEnd.x>5.86</cim:PowerTransformerEnd.x>
        <cim:PowerTransformerEnd.g>0</cim:PowerTransformerEnd.g>
        <cim:PowerTransformerEnd.b>0</cim:PowerTransformerEnd.b>
        <cim:PowerTransformerEnd.ratedS>100</cim:PowerTransformerEnd.ratedS>
        <cim:PowerTransformerEnd.ratedU>100</cim:PowerTransformerEnd.ratedU>
        <cim:PowerTransformerEnd.PowerTransformer rdf:resource="#_T9-3-0"/>
        <cim:TransformerEnd.Terminal rdf:resource="#_cb341e9c-d481-4c62-9081-e54166acc932"/>
        <cim:TransformerEnd.BaseVoltage rdf:resource="#_76c42bf3-4cb6-4ca3-8f64-437a233e03f1"/>
    </cim:PowerTransformerEnd>
    <cim:PowerTransformerEnd rdf:ID="_9a5cf193-52c3-48fe-afaa-063e3557abc7">
        <cim:IdentifiedObject.mRID>9a5cf193-52c3-48fe-afaa-063e3557abc7</cim:IdentifiedObject.mRID>
        <cim:IdentifiedObject.name>T9-3-0_2</cim:IdentifiedObject.name>
        <cim:TransformerEnd.endNumber>2</cim:TransformerEnd.endNumber>
        <cim:PowerTransformerEnd.r>0</cim:PowerTransformerEnd.r>
        <cim:PowerTransformerEnd.x>0</cim:PowerTransformerEnd.x>
        <cim:PowerTransformerEnd.g>0</cim:PowerTransformerEnd.g>
        <cim:PowerTransformerEnd.b>0</cim:PowerTransformerEnd.b>
        <cim:PowerTransformerEnd.ratedS>100</cim:PowerTransformerEnd.ratedS>
        <cim:PowerTransformerEnd.ratedU>100</cim:PowerTransformerEnd.ratedU>
        <cim:PowerTransformerEnd.PowerTransformer rdf:resource="#_T9-3-0"/>
        <cim:TransformerEnd.Terminal rdf:resource="#_f61e1e3b-ed00-4f83-a9aa-3a858cdc4a4d"/>
        <cim:TransformerEnd.BaseVoltage rdf:resource="#_76c42bf3-4cb6-4ca3-8f64-437a233e03f1"/>
    </cim:PowerTransformerEnd>
    <cim:RatioTapChanger rdf:ID="_388ddcd5-c225-4b40-8ccb-08e5bad8ceeb">
        <cim:IdentifiedObject.mRID>388ddcd5-c225-4b40-8ccb-08e5bad8ceeb</cim:IdentifiedObject.mRID>
        <cim:IdentifiedObject.name>T9-3-0_RTC</cim:IdentifiedObject.name>
        <cim:RatioTapChanger.TransformerEnd rdf:resource="#_b6d824d6-a76d-4f53-82ca-cd131b0b85cd"/>
        <cim:RatioTapChanger.stepVoltageIncrement>100</cim:RatioTapChanger.stepVoltageIncrement>
        <cim:TapChanger.lowStep>0</cim:TapChanger.lowStep>
        <cim:TapChanger.highStep>0</cim:TapChanger.highStep>
        <cim:TapChanger.normalStep>0</cim:TapChanger.normalStep>
        <cim:TapChanger.neutralStep>0</cim:TapChanger.neutralStep>
        <cim:TapChanger.neutralU>100</cim:TapChanger.neutralU>
        <cim:TapChanger.ltcFlag>true</cim:TapChanger.ltcFlag>
        <cim:RatioTapChanger.tculControlMode rdf:resource="http://iec.ch/TC57/2013/CIM-schema-cim16#TransformerControlMode.reactive"/>
        <cim:RatioTapChanger.RatioTapChangerTable rdf:resource="#_b8d59f5e-f5f9-4401-8c19-0b1c3868dc72"/>
    </cim:RatioTapChanger>
    <cim:RatioTapChangerTable rdf:ID="_b8d59f5e-f5f9-4401-8c19-0b1c3868dc72">
        <cim:IdentifiedObject.mRID>b8d59f5e-f5f9-4401-8c19-0b1c3868dc72</cim:IdentifiedObject.mRID>
        <cim:IdentifiedObject.name>T9-3-0_TABLE</cim:IdentifiedObject.name>
    </cim:RatioTapChangerTable>
    <cim:RatioTapChangerTablePoint rdf:ID="_8c91bce9-bf33-49f8-b0cc-4980be2f429a">
        <cim:TapChangerTablePoint.r>0</cim:TapChangerTablePoint.r>
        <cim:TapChangerTablePoint.x>0</cim:TapChangerTablePoint.x>
        <cim:TapChangerTablePoint.g>0</cim:TapChangerTablePoint.g>
        <cim:TapChangerTablePoint.b>0</cim:TapChangerTablePoint.b>
        <cim:TapChangerTablePoint.step>0</cim:TapChangerTablePoint.step>
        <cim:TapChangerTablePoint.ratio>1</cim:TapChangerTablePoint.ratio>
        <cim:RatioTapChangerTablePoint.RatioTapChangerTable rdf:resource="#_b8d59f5e-f5f9-4401-8c19-0b1c3868dc72"/>
    </cim:RatioTapChangerTablePoint>
    <cim:ControlArea rdf:ID="_0f787e30-8f02-4a51-80cd-a941c8694d86">
        <cim:IdentifiedObject.mRID>0f787e30-8f02-4a51-80cd-a941c8694d86</cim:IdentifiedObject.mRID>
        <cim:IdentifiedObject.name>Network</cim:IdentifiedObject.name>
        <entsoe:IdentifiedObject.energyIdentCodeEic>Network--1</entsoe:IdentifiedObject.energyIdentCodeEic>
        <cim:ControlArea.type rdf:resource="http://iec.ch/TC57/2013/CIM-schema-cim16#ControlAreaTypeKind.Interchange"/>
        <cim:ControlArea.EnergyArea rdf:resource="#_97279d69-6db7-42e4-90ee-1cd38c0b6ff7"/>
    </cim:ControlArea>
</rdf:RDF>
