<?xml version="1.0" encoding="UTF-8"?>
<rdf:RDF xmlns:entsoe="http://entsoe.eu/CIM/SchemaExtension/3/1#" xmlns:rdf="http://www.w3.org/1999/02/22-rdf-syntax-ns#" xmlns:cim="http://iec.ch/TC57/2013/CIM-schema-cim16#" xmlns:md="http://iec.ch/TC57/61970-552/ModelDescription/1#">
    <md:FullModel rdf:about="urn:uuid:c31111f0-76bd-4f57-85ba-53d35081f9e0">
        <md:Model.scenarioTime>2009-04-26T00:00:00Z</md:Model.scenarioTime>
        <md:Model.created>2024-02-14T03:41:17Z</md:Model.created>
        <md:Model.description>TP Model</md:Model.description>
        <md:Model.version>1</md:Model.version>
        <md:Model.DependentOn rdf:resource="urn:uuid:3aeeda7b-3063-429c-83bb-58c36eeff154"/>
        <md:Model.profile>http://entsoe.eu/CIM/Topology/4/1</md:Model.profile>
        <md:Model.modelingAuthoritySet>powsybl.org</md:Model.modelingAuthoritySet>
    </md:FullModel>
    <cim:TopologicalNode rdf:ID="_B1">
        <cim:IdentifiedObject.mRID>B1</cim:IdentifiedObject.mRID>
        <cim:IdentifiedObject.name>BUS-1   100</cim:IdentifiedObject.name>
        <cim:TopologicalNode.ConnectivityNodeContainer rdf:resource="#_VL1"/>
        <cim:TopologicalNode.BaseVoltage rdf:resource="#_76c42bf3-4cb6-4ca3-8f64-437a233e03f1"/>
    </cim:TopologicalNode>
    <cim:TopologicalNode rdf:ID="_B4">
        <cim:IdentifiedObject.mRID>B4</cim:IdentifiedObject.mRID>
        <cim:IdentifiedObject.name>BUS-4   100</cim:IdentifiedObject.name>
        <cim:TopologicalNode.ConnectivityNodeContainer rdf:resource="#_VL1"/>
        <cim:TopologicalNode.BaseVoltage rdf:resource="#_76c42bf3-4cb6-4ca3-8f64-437a233e03f1"/>
    </cim:TopologicalNode>
    <cim:TopologicalNode rdf:ID="_B2">
        <cim:IdentifiedObject.mRID>B2</cim:IdentifiedObject.mRID>
        <cim:IdentifiedObject.name>BUS-2   100</cim:IdentifiedObject.name>
        <cim:TopologicalNode.ConnectivityNodeContainer rdf:resource="#_VL2"/>
        <cim:TopologicalNode.BaseVoltage rdf:resource="#_76c42bf3-4cb6-4ca3-8f64-437a233e03f1"/>
    </cim:TopologicalNode>
    <cim:TopologicalNode rdf:ID="_B7">
        <cim:IdentifiedObject.mRID>B7</cim:IdentifiedObject.mRID>
        <cim:IdentifiedObject.name>BUS-7   100</cim:IdentifiedObject.name>
        <cim:TopologicalNode.ConnectivityNodeContainer rdf:resource="#_VL2"/>
        <cim:TopologicalNode.BaseVoltage rdf:resource="#_76c42bf3-4cb6-4ca3-8f64-437a233e03f1"/>
    </cim:TopologicalNode>
    <cim:TopologicalNode rdf:ID="_B3">
        <cim:IdentifiedObject.mRID>B3</cim:IdentifiedObject.mRID>
        <cim:IdentifiedObject.name>BUS-3   100</cim:IdentifiedObject.name>
        <cim:TopologicalNode.ConnectivityNodeContainer rdf:resource="#_VL3"/>
        <cim:TopologicalNode.BaseVoltage rdf:resource="#_76c42bf3-4cb6-4ca3-8f64-437a233e03f1"/>
    </cim:TopologicalNode>
    <cim:TopologicalNode rdf:ID="_B9">
        <cim:IdentifiedObject.mRID>B9</cim:IdentifiedObject.mRID>
        <cim:IdentifiedObject.name>BUS-9   100</cim:IdentifiedObject.name>
        <cim:TopologicalNode.ConnectivityNodeContainer rdf:resource="#_VL3"/>
        <cim:TopologicalNode.BaseVoltage rdf:resource="#_76c42bf3-4cb6-4ca3-8f64-437a233e03f1"/>
    </cim:TopologicalNode>
    <cim:TopologicalNode rdf:ID="_B5">
        <cim:IdentifiedObject.mRID>B5</cim:IdentifiedObject.mRID>
        <cim:IdentifiedObject.name>BUS-5   100</cim:IdentifiedObject.name>
        <cim:TopologicalNode.ConnectivityNodeContainer rdf:resource="#_VL5"/>
        <cim:TopologicalNode.BaseVoltage rdf:resource="#_76c42bf3-4cb6-4ca3-8f64-437a233e03f1"/>
    </cim:TopologicalNode>
    <cim:TopologicalNode rdf:ID="_B6">
        <cim:IdentifiedObject.mRID>B6</cim:IdentifiedObject.mRID>
        <cim:IdentifiedObject.name>BUS-6   100</cim:IdentifiedObject.name>
        <cim:TopologicalNode.ConnectivityNodeContainer rdf:resource="#_VL6"/>
        <cim:TopologicalNode.BaseVoltage rdf:resource="#_76c42bf3-4cb6-4ca3-8f64-437a233e03f1"/>
    </cim:TopologicalNode>
    <cim:TopologicalNode rdf:ID="_B8">
        <cim:IdentifiedObject.mRID>B8</cim:IdentifiedObject.mRID>
        <cim:IdentifiedObject.name>BUS-8   100</cim:IdentifiedObject.name>
        <cim:TopologicalNode.ConnectivityNodeContainer rdf:resource="#_VL8"/>
        <cim:TopologicalNode.BaseVoltage rdf:resource="#_76c42bf3-4cb6-4ca3-8f64-437a233e03f1"/>
    </cim:TopologicalNode>
    <cim:Terminal rdf:about="#_a33edf9f-1a60-4fb8-9eab-b75b24493717">
        <cim:Terminal.TopologicalNode rdf:resource="#_B5"/>
    </cim:Terminal>
    <cim:Terminal rdf:about="#_e3a3eaf5-2289-4a5a-85cd-ce27a6e5171b">
        <cim:Terminal.TopologicalNode rdf:resource="#_B4"/>
    </cim:Terminal>
    <cim:Terminal rdf:about="#_8e47974b-a789-412d-ba89-416010796ab9">
        <cim:Terminal.TopologicalNode rdf:resource="#_B6"/>
    </cim:Terminal>
    <cim:Terminal rdf:about="#_6096b4c8-9128-418f-a47f-5d01331f08e8">
        <cim:Terminal.TopologicalNode rdf:resource="#_B4"/>
    </cim:Terminal>
    <cim:Terminal rdf:about="#_16c83f78-0c80-40a2-951b-a2f0cbd70fae">
        <cim:Terminal.TopologicalNode rdf:resource="#_B9"/>
    </cim:Terminal>
    <cim:Terminal rdf:about="#_b1e5f3c6-1cd5-4a66-83cf-21dbc1e38c86">
        <cim:Terminal.TopologicalNode rdf:resource="#_B6"/>
    </cim:Terminal>
    <cim:Terminal rdf:about="#_55d2b3c9-2eee-492a-8e7c-a7ab9b327cde">
        <cim:Terminal.TopologicalNode rdf:resource="#_B7"/>
    </cim:Terminal>
    <cim:Terminal rdf:about="#_5f1482e3-1060-46fa-b0f6-3c1df1a1de6b">
        <cim:Terminal.TopologicalNode rdf:resource="#_B2"/>
    </cim:Terminal>
    <cim:Terminal rdf:about="#_cb341e9c-d481-4c62-9081-e54166acc932">
        <cim:Terminal.TopologicalNode rdf:resource="#_B9"/>
    </cim:Terminal>
    <cim:Terminal rdf:about="#_f61e1e3b-ed00-4f83-a9aa-3a858cdc4a4d">
        <cim:Terminal.TopologicalNode rdf:resource="#_B3"/>
    </cim:Terminal>
    <cim:Terminal rdf:about="#_fbd04bb7-4ade-4c08-95fd-85104690adae">
        <cim:Terminal.TopologicalNode rdf:resource="#_B8"/>
    </cim:Terminal>
    <cim:Terminal rdf:about="#_77df2b25-5990-4cc2-8526-c486dd77a116">
        <cim:Terminal.TopologicalNode rdf:resource="#_B5"/>
    </cim:Terminal>
    <cim:Terminal rdf:about="#_7c2e41e4-dc01-462c-9d97-84897941ef4c">
        <cim:Terminal.TopologicalNode rdf:resource="#_B6"/>
    </cim:Terminal>
    <cim:Terminal rdf:about="#_47bdb058-0777-424b-b2f5-69c13f7cf954">
        <cim:Terminal.TopologicalNode rdf:resource="#_B4"/>
    </cim:Terminal>
    <cim:Terminal rdf:about="#_34107fc1-f6fa-4f2a-aa08-d5f5a52686b9">
        <cim:Terminal.TopologicalNode rdf:resource="#_B1"/>
    </cim:Terminal>
    <cim:Terminal rdf:about="#_f59aa59b-9fda-463e-a749-27cd1e3c843e">
        <cim:Terminal.TopologicalNode rdf:resource="#_B2"/>
    </cim:Terminal>
    <cim:Terminal rdf:about="#_178d228d-aa83-4e62-b21e-25199449bad0">
        <cim:Terminal.TopologicalNode rdf:resource="#_B3"/>
    </cim:Terminal>
    <cim:Terminal rdf:about="#_1a00126d-0d32-4802-bc79-2f25ddb43723">
        <cim:Terminal.TopologicalNode rdf:resource="#_B7"/>
    </cim:Terminal>
    <cim:Terminal rdf:about="#_c934a8db-c274-41ff-a37b-49966039a989">
        <cim:Terminal.TopologicalNode rdf:resource="#_B8"/>
    </cim:Terminal>
    <cim:Terminal rdf:about="#_167f2ed9-1457-4051-90ff-e82017f8eab1">
        <cim:Terminal.TopologicalNode rdf:resource="#_B1"/>
    </cim:Terminal>
    <cim:Terminal rdf:about="#_e905b15b-a299-4cfc-8faf-113462ec8870">
        <cim:Terminal.TopologicalNode rdf:resource="#_B7"/>
    </cim:Terminal>
    <cim:Terminal rdf:about="#_a6b11fbe-b2c9-49eb-9309-77985c6407f5">
        <cim:Terminal.TopologicalNode rdf:resource="#_B5"/>
    </cim:Terminal>
</rdf:RDF>
