<?xml version="1.0" encoding="UTF-8"?>
<rdf:RDF xmlns:entsoe="http://entsoe.eu/CIM/SchemaExtension/3/1#" xmlns:rdf="http://www.w3.org/1999/02/22-rdf-syntax-ns#" xmlns:cim="http://iec.ch/TC57/2013/CIM-schema-cim16#" xmlns:md="http://iec.ch/TC57/61970-552/ModelDescription/1#">
    <md:FullModel rdf:about="urn:uuid:ab63e31b-8d26-465f-b244-9d386a7241cd">
        <md:Model.scenarioTime>2009-04-26T00:00:00Z</md:Model.scenarioTime>
        <md:Model.created>2024-02-14T03:41:17Z</md:Model.created>
        <md:Model.description>SV Model</md:Model.description>
        <md:Model.version>1</md:Model.version>
        <md:Model.DependentOn rdf:resource="urn:uuid:c31111f0-76bd-4f57-85ba-53d35081f9e0"/>
        <md:Model.DependentOn rdf:resource="urn:uuid:4bf5975d-fa97-4bb0-91a2-60b75932118f"/>
        <md:Model.profile>http://entsoe.eu/CIM/StateVariables/4/1</md:Model.profile>
        <md:Model.modelingAuthoritySet>powsybl.org</md:Model.modelingAuthoritySet>
    </md:FullModel>
    <cim:TopologicalIsland rdf:ID="_618b008f-dff8-4977-9069-979d6a352427">
        <cim:IdentifiedObject.mRID>618b008f-dff8-4977-9069-979d6a352427</cim:IdentifiedObject.mRID>
        <cim:IdentifiedObject.name>618b008f-dff8-4977-9069-979d6a35</cim:IdentifiedObject.name>
        <cim:TopologicalIsland.AngleRefTopologicalNode rdf:resource="#_B1"/>
        <cim:IdentifiedObject.description>diverged</cim:IdentifiedObject.description>
        <cim:TopologicalIsland.TopologicalNodes rdf:resource="#_B1"/>
        <cim:TopologicalIsland.TopologicalNodes rdf:resource="#_B4"/>
        <cim:TopologicalIsland.TopologicalNodes rdf:resource="#_B2"/>
        <cim:TopologicalIsland.TopologicalNodes rdf:resource="#_B7"/>
        <cim:TopologicalIsland.TopologicalNodes rdf:resource="#_B3"/>
        <cim:TopologicalIsland.TopologicalNodes rdf:resource="#_B9"/>
        <cim:TopologicalIsland.TopologicalNodes rdf:resource="#_B5"/>
        <cim:TopologicalIsland.TopologicalNodes rdf:resource="#_B6"/>
        <cim:TopologicalIsland.TopologicalNodes rdf:resource="#_B8"/>
    </cim:TopologicalIsland>
    <cim:SvVoltage rdf:ID="_e10bcc85-3b2d-44b5-bbb0-39ec009c5079">
        <cim:SvVoltage.angle>9.28</cim:SvVoltage.angle>
        <cim:SvVoltage.v>102.49999999999999</cim:SvVoltage.v>
        <cim:SvVoltage.TopologicalNode rdf:resource="#_B2"/>
    </cim:SvVoltage>
    <cim:SvVoltage rdf:ID="_0a50694a-308b-4580-87ba-2ad1eb9a2505">
        <cim:SvVoltage.angle>4.6647</cim:SvVoltage.angle>
        <cim:SvVoltage.v>102.49999999999999</cim:SvVoltage.v>
        <cim:SvVoltage.TopologicalNode rdf:resource="#_B3"/>
    </cim:SvVoltage>
    <cim:SvVoltage rdf:ID="_1774c2a6-0ef0-4258-ae17-11c7eab6f510">
        <cim:SvVoltage.angle>-2.216</cim:SvVoltage.angle>
        <cim:SvVoltage.v>102.49999999999999</cim:SvVoltage.v>
        <cim:SvVoltage.TopologicalNode rdf:resource="#_B4"/>
    </cim:SvVoltage>
    <cim:SvVoltage rdf:ID="_35b068d0-99a9-49b1-b31b-3556c41ab42b">
        <cim:SvVoltage.angle>-3.988</cim:SvVoltage.angle>
        <cim:SvVoltage.v>99.5</cim:SvVoltage.v>
        <cim:SvVoltage.TopologicalNode rdf:resource="#_B5"/>
    </cim:SvVoltage>
    <cim:SvVoltage rdf:ID="_cc92591f-3161-4036-b1b6-b89afaeaef3f">
        <cim:SvVoltage.angle>-3.687</cim:SvVoltage.angle>
        <cim:SvVoltage.v>101.2</cim:SvVoltage.v>
        <cim:SvVoltage.TopologicalNode rdf:resource="#_B6"/>
    </cim:SvVoltage>
    <cim:SvVoltage rdf:ID="_6964951d-3100-4472-890b-148dd64c6e98">
        <cim:SvVoltage.angle>3.7197</cim:SvVoltage.angle>
        <cim:SvVoltage.v>102.49999999999999</cim:SvVoltage.v>
        <cim:SvVoltage.TopologicalNode rdf:resource="#_B7"/>
    </cim:SvVoltage>
    <cim:SvVoltage rdf:ID="_d5f46e33-611d-409e-acd8-b4001292c521">
        <cim:SvVoltage.angle>0.7275</cim:SvVoltage.angle>
        <cim:SvVoltage.v>101.49999999999999</cim:SvVoltage.v>
        <cim:SvVoltage.TopologicalNode rdf:resource="#_B8"/>
    </cim:SvVoltage>
    <cim:SvVoltage rdf:ID="_69216969-9dc0-42bf-afd4-8b264d954d8c">
        <cim:SvVoltage.angle>1.9667</cim:SvVoltage.angle>
        <cim:SvVoltage.v>103.2</cim:SvVoltage.v>
        <cim:SvVoltage.TopologicalNode rdf:resource="#_B9"/>
    </cim:SvVoltage>
    <cim:SvVoltage rdf:ID="_1edfad91-ec94-43c2-a7ef-e644558ddb13">
        <cim:SvVoltage.angle>0</cim:SvVoltage.angle>
        <cim:SvVoltage.v>104</cim:SvVoltage.v>
        <cim:SvVoltage.TopologicalNode rdf:resource="#_B1"/>
    </cim:SvVoltage>
    <cim:SvPowerFlow rdf:ID="_9f326b38-0446-4c7e-8aa7-f6587329dd2c">
        <cim:SvPowerFlow.p>0</cim:SvPowerFlow.p>
        <cim:SvPowerFlow.q>0</cim:SvPowerFlow.q>
        <cim:SvPowerFlow.Terminal rdf:resource="#_77df2b25-5990-4cc2-8526-c486dd77a116"/>
    </cim:SvPowerFlow>
    <cim:SvPowerFlow rdf:ID="_39fb5beb-1201-4615-8dd7-804b003cc90c">
        <cim:SvPowerFlow.p>0</cim:SvPowerFlow.p>
        <cim:SvPowerFlow.q>0</cim:SvPowerFlow.q>
        <cim:SvPowerFlow.Terminal rdf:resource="#_7c2e41e4-dc01-462c-9d97-84897941ef4c"/>
    </cim:SvPowerFlow>
    <cim:SvPowerFlow rdf:ID="_f3326ce5-3e7d-45b7-b05b-d821d9bfb862">
        <cim:SvPowerFlow.p>0</cim:SvPowerFlow.p>
        <cim:SvPowerFlow.q>0</cim:SvPowerFlow.q>
        <cim:SvPowerFlow.Terminal rdf:resource="#_fbd04bb7-4ade-4c08-95fd-85104690adae"/>
    </cim:SvPowerFlow>
    <cim:SvPowerFlow rdf:ID="_0a55fc09-a369-488e-a59b-2276ec2a5d97">
        <cim:SvPowerFlow.p>0</cim:SvPowerFlow.p>
        <cim:SvPowerFlow.q>0</cim:SvPowerFlow.q>
        <cim:SvPowerFlow.Terminal rdf:resource="#_167f2ed9-1457-4051-90ff-e82017f8eab1"/>
    </cim:SvPowerFlow>
    <cim:SvPowerFlow rdf:ID="_665e6258-8036-40a3-8e69-202a88d94b41">
        <cim:SvPowerFlow.p>0</cim:SvPowerFlow.p>
        <cim:SvPowerFlow.q>0</cim:SvPowerFlow.q>
        <cim:SvPowerFlow.Terminal rdf:resource="#_f59aa59b-9fda-463e-a749-27cd1e3c843e"/>
    </cim:SvPowerFlow>
    <cim:SvPowerFlow rdf:ID="_012d6fc3-0e1f-421a-b41f-9fbb86f16bcc">
        <cim:SvPowerFlow.p>0</cim:SvPowerFlow.p>
        <cim:SvPowerFlow.q>0</cim:SvPowerFlow.q>
        <cim:SvPowerFlow.Terminal rdf:resource="#_178d228d-aa83-4e62-b21e-25199449bad0"/>
    </cim:SvPowerFlow>
    <cim:SvPowerFlow rdf:ID="_d733dc2a-eb80-4062-9253-53de9b65881e">
        <cim:SvPowerFlow.p>0</cim:SvPowerFlow.p>
        <cim:SvPowerFlow.q>0</cim:SvPowerFlow.q>
        <cim:SvPowerFlow.Terminal rdf:resource="#_47bdb058-0777-424b-b2f5-69c13f7cf954"/>
    </cim:SvPowerFlow>
    <cim:SvPowerFlow rdf:ID="_b901e85e-6da7-4eb6-a83c-c136c103be81">
        <cim:SvPowerFlow.p>0</cim:SvPowerFlow.p>
        <cim:SvPowerFlow.q>0</cim:SvPowerFlow.q>
        <cim:SvPowerFlow.Terminal rdf:resource="#_34107fc1-f6fa-4f2a-aa08-d5f5a52686b9"/>
    </cim:SvPowerFlow>
    <cim:SvPowerFlow rdf:ID="_3039616d-a69c-40af-b032-589be1e2728b">
        <cim:SvPowerFlow.p>0</cim:SvPowerFlow.p>
        <cim:SvPowerFlow.q>0</cim:SvPowerFlow.q>
        <cim:SvPowerFlow.Terminal rdf:resource="#_55d2b3c9-2eee-492a-8e7c-a7ab9b327cde"/>
    </cim:SvPowerFlow>
    <cim:SvPowerFlow rdf:ID="_5ea48b58-73c2-42a3-97ae-8db8aa8c03ff">
        <cim:SvPowerFlow.p>0</cim:SvPowerFlow.p>
        <cim:SvPowerFlow.q>0</cim:SvPowerFlow.q>
        <cim:SvPowerFlow.Terminal rdf:resource="#_5f1482e3-1060-46fa-b0f6-3c1df1a1de6b"/>
    </cim:SvPowerFlow>
    <cim:SvPowerFlow rdf:ID="_2f3abe0b-97f5-4824-a6b6-9abb5e8476ee">
        <cim:SvPowerFlow.p>0</cim:SvPowerFlow.p>
        <cim:SvPowerFlow.q>0</cim:SvPowerFlow.q>
        <cim:SvPowerFlow.Terminal rdf:resource="#_cb341e9c-d481-4c62-9081-e54166acc932"/>
    </cim:SvPowerFlow>
    <cim:SvPowerFlow rdf:ID="_bfb1ee29-0e1b-41f8-bea2-c83495cdcb42">
        <cim:SvPowerFlow.p>0</cim:SvPowerFlow.p>
        <cim:SvPowerFlow.q>0</cim:SvPowerFlow.q>
        <cim:SvPowerFlow.Terminal rdf:resource="#_f61e1e3b-ed00-4f83-a9aa-3a858cdc4a4d"/>
    </cim:SvPowerFlow>
    <cim:SvPowerFlow rdf:ID="_195d3c2b-943e-447a-bb74-0342e058b800">
        <cim:SvPowerFlow.p>0</cim:SvPowerFlow.p>
        <cim:SvPowerFlow.q>0</cim:SvPowerFlow.q>
        <cim:SvPowerFlow.Terminal rdf:resource="#_1a00126d-0d32-4802-bc79-2f25ddb43723"/>
    </cim:SvPowerFlow>
    <cim:SvPowerFlow rdf:ID="_f8a323f2-4691-4aba-8f59-9393c03fa965">
        <cim:SvPowerFlow.p>0</cim:SvPowerFlow.p>
        <cim:SvPowerFlow.q>0</cim:SvPowerFlow.q>
        <cim:SvPowerFlow.Terminal rdf:resource="#_c934a8db-c274-41ff-a37b-49966039a989"/>
    </cim:SvPowerFlow>
    <cim:SvPowerFlow rdf:ID="_368818ec-70b4-4ffb-a4fe-f567653fd565">
        <cim:SvPowerFlow.p>0</cim:SvPowerFlow.p>
        <cim:SvPowerFlow.q>0</cim:SvPowerFlow.q>
        <cim:SvPowerFlow.Terminal rdf:resource="#_e905b15b-a299-4cfc-8faf-113462ec8870"/>
    </cim:SvPowerFlow>
    <cim:SvPowerFlow rdf:ID="_1b4170c0-dcdc-4c2d-9e91-6fc94c83a709">
        <cim:SvPowerFlow.p>0</cim:SvPowerFlow.p>
        <cim:SvPowerFlow.q>0</cim:SvPowerFlow.q>
        <cim:SvPowerFlow.Terminal rdf:resource="#_a6b11fbe-b2c9-49eb-9309-77985c6407f5"/>
    </cim:SvPowerFlow>
    <cim:SvPowerFlow rdf:ID="_bf9c6680-1186-4561-9924-144e3de76846">
        <cim:SvPowerFlow.p>0</cim:SvPowerFlow.p>
        <cim:SvPowerFlow.q>0</cim:SvPowerFlow.q>
        <cim:SvPowerFlow.Terminal rdf:resource="#_16c83f78-0c80-40a2-951b-a2f0cbd70fae"/>
    </cim:SvPowerFlow>
    <cim:SvPowerFlow rdf:ID="_300e3e63-fa5e-4a21-a628-50f67d2eae67">
        <cim:SvPowerFlow.p>0</cim:SvPowerFlow.p>
        <cim:SvPowerFlow.q>0</cim:SvPowerFlow.q>
        <cim:SvPowerFlow.Terminal rdf:resource="#_b1e5f3c6-1cd5-4a66-83cf-21dbc1e38c86"/>
    </cim:SvPowerFlow>
    <cim:SvPowerFlow rdf:ID="_fd1ed1fb-2598-404c-9167-804c5b252d76">
        <cim:SvPowerFlow.p>0</cim:SvPowerFlow.p>
        <cim:SvPowerFlow.q>0</cim:SvPowerFlow.q>
        <cim:SvPowerFlow.Terminal rdf:resource="#_a33edf9f-1a60-4fb8-9eab-b75b24493717"/>
    </cim:SvPowerFlow>
    <cim:SvPowerFlow rdf:ID="_e784fd03-a835-4c73-af74-3d3fb605e4ad">
        <cim:SvPowerFlow.p>0</cim:SvPowerFlow.p>
        <cim:SvPowerFlow.q>0</cim:SvPowerFlow.q>
        <cim:SvPowerFlow.Terminal rdf:resource="#_e3a3eaf5-2289-4a5a-85cd-ce27a6e5171b"/>
    </cim:SvPowerFlow>
    <cim:SvPowerFlow rdf:ID="_03496fc9-d8c2-4c12-8b8e-8b87a100bba8">
        <cim:SvPowerFlow.p>0</cim:SvPowerFlow.p>
        <cim:SvPowerFlow.q>0</cim:SvPowerFlow.q>
        <cim:SvPowerFlow.Terminal rdf:resource="#_8e47974b-a789-412d-ba89-416010796ab9"/>
    </cim:SvPowerFlow>
    <cim:SvPowerFlow rdf:ID="_38ecec81-28d9-46db-be65-d49f67bb3da8">
        <cim:SvPowerFlow.p>0</cim:SvPowerFlow.p>
        <cim:SvPowerFlow.q>0</cim:SvPowerFlow.q>
        <cim:SvPowerFlow.Terminal rdf:resource="#_6096b4c8-9128-418f-a47f-5d01331f08e8"/>
    </cim:SvPowerFlow>
    <cim:SvTapStep rdf:ID="_d163f369-7d49-4952-a6fb-1eb1644b87a6">
        <cim:SvTapStep.position>0</cim:SvTapStep.position>
        <cim:SvTapStep.TapChanger rdf:resource="#_51e23b11-f761-4c7c-b2cc-18c75c69e455"/>
    </cim:SvTapStep>
    <cim:SvTapStep rdf:ID="_72026d68-3d1e-4986-b923-6aaa7e4824d3">
        <cim:SvTapStep.position>0</cim:SvTapStep.position>
        <cim:SvTapStep.TapChanger rdf:resource="#_f0d4cb2d-2f6f-4083-b07e-d67dbca033b0"/>
    </cim:SvTapStep>
    <cim:SvTapStep rdf:ID="_d50c165b-272c-4b3a-8132-f4f97fc2cc4d">
        <cim:SvTapStep.position>0</cim:SvTapStep.position>
        <cim:SvTapStep.TapChanger rdf:resource="#_388ddcd5-c225-4b40-8ccb-08e5bad8ceeb"/>
    </cim:SvTapStep>
    <cim:SvStatus rdf:ID="_ff64cca3-ba7e-4296-9325-7ce77cb76605">
        <cim:SvStatus.inService>true</cim:SvStatus.inService>
        <cim:SvStatus.ConductingEquipment rdf:resource="#_L5-4-0"/>
    </cim:SvStatus>
    <cim:SvStatus rdf:ID="_b6dd0018-9b0e-4efd-9ae4-b7c1273e0a52">
        <cim:SvStatus.inService>true</cim:SvStatus.inService>
        <cim:SvStatus.ConductingEquipment rdf:resource="#_L6-4-0"/>
    </cim:SvStatus>
    <cim:SvStatus rdf:ID="_43621b25-9069-4449-a86e-15f0bf22f994">
        <cim:SvStatus.inService>true</cim:SvStatus.inService>
        <cim:SvStatus.ConductingEquipment rdf:resource="#_L9-6-0"/>
    </cim:SvStatus>
    <cim:SvStatus rdf:ID="_42c92d05-69ea-4454-a5ce-9956706431b0">
        <cim:SvStatus.inService>true</cim:SvStatus.inService>
        <cim:SvStatus.ConductingEquipment rdf:resource="#_T7-2-0"/>
    </cim:SvStatus>
    <cim:SvStatus rdf:ID="_8c932e48-93a4-4e0f-afab-a1745d9a7269">
        <cim:SvStatus.inService>true</cim:SvStatus.inService>
        <cim:SvStatus.ConductingEquipment rdf:resource="#_T9-3-0"/>
    </cim:SvStatus>
    <cim:SvStatus rdf:ID="_eed7dc6b-6975-408a-8b96-48851ccd607d">
        <cim:SvStatus.inService>true</cim:SvStatus.inService>
        <cim:SvStatus.ConductingEquipment rdf:resource="#_B8-L"/>
    </cim:SvStatus>
    <cim:SvStatus rdf:ID="_a01c1baa-cc43-4ede-b884-35482b376526">
        <cim:SvStatus.inService>true</cim:SvStatus.inService>
        <cim:SvStatus.ConductingEquipment rdf:resource="#_B5-L"/>
    </cim:SvStatus>
    <cim:SvStatus rdf:ID="_d9c97e9c-7f61-4c2e-941e-34cabe21ef03">
        <cim:SvStatus.inService>true</cim:SvStatus.inService>
        <cim:SvStatus.ConductingEquipment rdf:resource="#_B6-L"/>
    </cim:SvStatus>
    <cim:SvStatus rdf:ID="_d714a509-4cec-41b8-a95e-b665acb72217">
        <cim:SvStatus.inService>true</cim:SvStatus.inService>
        <cim:SvStatus.ConductingEquipment rdf:resource="#_T4-1-0"/>
    </cim:SvStatus>
    <cim:SvStatus rdf:ID="_391707e8-7158-44c3-98ac-3a8c540b5251">
        <cim:SvStatus.inService>true</cim:SvStatus.inService>
        <cim:SvStatus.ConductingEquipment rdf:resource="#_B2-G"/>
    </cim:SvStatus>
    <cim:SvStatus rdf:ID="_6c18c3f4-a4fd-4051-aa9b-3fda44b140c2">
        <cim:SvStatus.inService>true</cim:SvStatus.inService>
        <cim:SvStatus.ConductingEquipment rdf:resource="#_B3-G"/>
    </cim:SvStatus>
    <cim:SvStatus rdf:ID="_c82628cb-8a41-4660-a87f-3a0700b25bfc">
        <cim:SvStatus.inService>true</cim:SvStatus.inService>
        <cim:SvStatus.ConductingEquipment rdf:resource="#_L7-8-0"/>
    </cim:SvStatus>
    <cim:SvStatus rdf:ID="_f15e599d-5991-457c-86ff-c1fa95cfa43c">
        <cim:SvStatus.inService>true</cim:SvStatus.inService>
        <cim:SvStatus.ConductingEquipment rdf:resource="#_B1-G"/>
    </cim:SvStatus>
    <cim:SvStatus rdf:ID="_c2cbf00b-3803-4d63-93c8-8888c7f5e98e">
        <cim:SvStatus.inService>true</cim:SvStatus.inService>
        <cim:SvStatus.ConductingEquipment rdf:resource="#_L7-5-0"/>
    </cim:SvStatus>
</rdf:RDF>
